FirstName,LastName,Email,Phone,MemberType
TestUser1,Runner,test1@runner.com,(555) 123-0001,epic_member
TestUser2,Runner,test2@runner.com,(555) 123-0002,epic_member
TestUser3,Runner,test3@runner.com,(555) 123-0003,epic_member
TestUser4,Runner,test4@runner.com,(555) 123-0004,epic_member
TestUser5,Runner,test5@runner.com,(555) 123-0005,epic_member
TestUser6,Runner,test6@runner.com,(555) 123-0006,epic_member
TestUser7,Runner,test7@runner.com,(555) 123-0007,epic_member
TestUser8,Runner,test8@runner.com,(555) 123-0008,epic_member
TestUser9,Runner,test9@runner.com,(555) 123-0009,epic_member
TestUser10,Runner,test10@runner.com,(555) 123-0010,epic_member
TestUser11,Runner,test11@runner.com,(555) 123-0011,epic_member
TestUser12,Runner,test12@runner.com,(555) 123-0012,epic_member
TestUser13,Runner,test13@runner.com,(555) 123-0013,epic_member
TestUser14,Runner,test14@runner.com,(555) 123-0014,epic_member
TestUser15,Runner,test15@runner.com,(555) 123-0015,epic_member
TestUser16,Runner,test16@runner.com,(555) 123-0016,epic_member
TestUser17,Runner,test17@runner.com,(555) 123-0017,epic_member
TestUser18,Runner,test18@runner.com,(555) 123-0018,epic_member
TestUser19,Runner,test19@runner.com,(555) 123-0019,epic_member
TestUser20,Runner,test20@runner.com,(555) 123-0020,epic_member
TestUser21,Runner,test21@runner.com,(555) 123-0021,epic_member
TestUser22,Runner,test22@runner.com,(555) 123-0022,epic_member
TestUser23,Runner,test23@runner.com,(555) 123-0023,epic_member
TestUser24,Runner,test24@runner.com,(555) 123-0024,epic_member
TestUser25,Runner,test25@runner.com,(555) 123-0025,epic_member
TestUser26,Runner,test26@runner.com,(555) 123-0026,epic_member
TestUser27,Runner,test27@runner.com,(555) 123-0027,epic_member
TestUser28,Runner,test28@runner.com,(555) 123-0028,epic_member
TestUser29,Runner,test29@runner.com,(555) 123-0029,epic_member
TestUser30,Runner,test30@runner.com,(555) 123-0030,epic_member
TestUser31,Runner,test31@runner.com,(555) 123-0031,epic_member
TestUser32,Runner,test32@runner.com,(555) 123-0032,epic_member
TestUser33,Runner,test33@runner.com,(555) 123-0033,epic_member
TestUser34,Runner,test34@runner.com,(555) 123-0034,epic_member
TestUser35,Runner,test35@runner.com,(555) 123-0035,epic_member
TestUser36,Runner,test36@runner.com,(555) 123-0036,epic_member
TestUser37,Runner,test37@runner.com,(555) 123-0037,epic_member
TestUser38,Runner,test38@runner.com,(555) 123-0038,epic_member
TestUser39,Runner,test39@runner.com,(555) 123-0039,epic_member
TestUser40,Runner,test40@runner.com,(555) 123-0040,epic_member
TestUser41,Runner,test41@runner.com,(555) 123-0041,epic_member
TestUser42,Runner,test42@runner.com,(555) 123-0042,epic_member
TestUser43,Runner,test43@runner.com,(555) 123-0043,epic_member
TestUser44,Runner,test44@runner.com,(555) 123-0044,epic_member
TestUser45,Runner,test45@runner.com,(555) 123-0045,epic_member
TestUser46,Runner,test46@runner.com,(555) 123-0046,epic_member
TestUser47,Runner,test47@runner.com,(555) 123-0047,epic_member
TestUser48,Runner,test48@runner.com,(555) 123-0048,epic_member
TestUser49,Runner,test49@runner.com,(555) 123-0049,epic_member
TestUser50,Runner,test50@runner.com,(555) 123-0050,epic_member
TestUser51,Runner,test51@runner.com,(555) 123-0051,epic_member
TestUser52,Runner,test52@runner.com,(555) 123-0052,epic_member
TestUser53,Runner,test53@runner.com,(555) 123-0053,epic_member
TestUser54,Runner,test54@runner.com,(555) 123-0054,epic_member
TestUser55,Runner,test55@runner.com,(555) 123-0055,epic_member
TestUser56,Runner,test56@runner.com,(555) 123-0056,epic_member
TestUser57,Runner,test57@runner.com,(555) 123-0057,epic_member
TestUser58,Runner,test58@runner.com,(555) 123-0058,epic_member
TestUser59,Runner,test59@runner.com,(555) 123-0059,epic_member
TestUser60,Runner,test60@runner.com,(555) 123-0060,epic_member
TestUser61,Runner,test61@runner.com,(555) 123-0061,epic_member
TestUser62,Runner,test62@runner.com,(555) 123-0062,epic_member
TestUser63,Runner,test63@runner.com,(555) 123-0063,epic_member
TestUser64,Runner,test64@runner.com,(555) 123-0064,epic_member
TestUser65,Runner,test65@runner.com,(555) 123-0065,epic_member
TestUser66,Runner,test66@runner.com,(555) 123-0066,epic_member
TestUser67,Runner,test67@runner.com,(555) 123-0067,epic_member
TestUser68,Runner,test68@runner.com,(555) 123-0068,epic_member
TestUser69,Runner,test69@runner.com,(555) 123-0069,epic_member
TestUser70,Runner,test70@runner.com,(555) 123-0070,epic_member
TestUser71,Runner,test71@runner.com,(555) 123-0071,epic_member
TestUser72,Runner,test72@runner.com,(555) 123-0072,epic_member
TestUser73,Runner,test73@runner.com,(555) 123-0073,epic_member
TestUser74,Runner,test74@runner.com,(555) 123-0074,epic_member
TestUser75,Runner,test75@runner.com,(555) 123-0075,epic_member
TestUser76,Runner,test76@runner.com,(555) 123-0076,epic_member
TestUser77,Runner,test77@runner.com,(555) 123-0077,epic_member
TestUser78,Runner,test78@runner.com,(555) 123-0078,epic_member
TestUser79,Runner,test79@runner.com,(555) 123-0079,epic_member
TestUser80,Runner,test80@runner.com,(555) 123-0080,epic_member
TestUser81,Runner,test81@runner.com,(555) 123-0081,epic_member
TestUser82,Runner,test82@runner.com,(555) 123-0082,epic_member
TestUser83,Runner,test83@runner.com,(555) 123-0083,epic_member
TestUser84,Runner,test84@runner.com,(555) 123-0084,epic_member
TestUser85,Runner,test85@runner.com,(555) 123-0085,epic_member
TestUser86,Runner,test86@runner.com,(555) 123-0086,epic_member
TestUser87,Runner,test87@runner.com,(555) 123-0087,epic_member
TestUser88,Runner,test88@runner.com,(555) 123-0088,epic_member
TestUser89,Runner,test89@runner.com,(555) 123-0089,epic_member
TestUser90,Runner,test90@runner.com,(555) 123-0090,epic_member
TestUser91,Runner,test91@runner.com,(555) 123-0091,epic_member
TestUser92,Runner,test92@runner.com,(555) 123-0092,epic_member
TestUser93,Runner,test93@runner.com,(555) 123-0093,epic_member
TestUser94,Runner,test94@runner.com,(555) 123-0094,epic_member
TestUser95,Runner,test95@runner.com,(555) 123-0095,epic_member
TestUser96,Runner,test96@runner.com,(555) 123-0096,epic_member
TestUser97,Runner,test97@runner.com,(555) 123-0097,epic_member
TestUser98,Runner,test98@runner.com,(555) 123-0098,epic_member
TestUser99,Runner,test99@runner.com,(555) 123-0099,epic_member
TestUser100,Runner,test100@runner.com,(555) 123-0100,epic_member
TestUser101,Runner,test101@runner.com,(555) 123-0101,epic_member
TestUser102,Runner,test102@runner.com,(555) 123-0102,epic_member
TestUser103,Runner,test103@runner.com,(555) 123-0103,epic_member
TestUser104,Runner,test104@runner.com,(555) 123-0104,epic_member
TestUser105,Runner,test105@runner.com,(555) 123-0105,epic_member
TestUser106,Runner,test106@runner.com,(555) 123-0106,epic_member
TestUser107,Runner,test107@runner.com,(555) 123-0107,epic_member
TestUser108,Runner,test108@runner.com,(555) 123-0108,epic_member
TestUser109,Runner,test109@runner.com,(555) 123-0109,epic_member
TestUser110,Runner,test110@runner.com,(555) 123-0110,epic_member
TestUser111,Runner,test111@runner.com,(555) 123-0111,epic_member
TestUser112,Runner,test112@runner.com,(555) 123-0112,epic_member
TestUser113,Runner,test113@runner.com,(555) 123-0113,epic_member
TestUser114,Runner,test114@runner.com,(555) 123-0114,epic_member
TestUser115,Runner,test115@runner.com,(555) 123-0115,epic_member
TestUser116,Runner,test116@runner.com,(555) 123-0116,epic_member
TestUser117,Runner,test117@runner.com,(555) 123-0117,epic_member
TestUser118,Runner,test118@runner.com,(555) 123-0118,epic_member
TestUser119,Runner,test119@runner.com,(555) 123-0119,epic_member
TestUser120,Runner,test120@runner.com,(555) 123-0120,epic_member
TestUser121,Runner,test121@runner.com,(555) 123-0121,epic_member
TestUser122,Runner,test122@runner.com,(555) 123-0122,epic_member
TestUser123,Runner,test123@runner.com,(555) 123-0123,epic_member
TestUser124,Runner,test124@runner.com,(555) 123-0124,epic_member
TestUser125,Runner,test125@runner.com,(555) 123-0125,epic_member
TestUser126,Runner,test126@runner.com,(555) 123-0126,epic_member
TestUser127,Runner,test127@runner.com,(555) 123-0127,epic_member
TestUser128,Runner,test128@runner.com,(555) 123-0128,epic_member
TestUser129,Runner,test129@runner.com,(555) 123-0129,epic_member
TestUser130,Runner,test130@runner.com,(555) 123-0130,epic_member
TestUser131,Runner,test131@runner.com,(555) 123-0131,epic_member
TestUser132,Runner,test132@runner.com,(555) 123-0132,epic_member
TestUser133,Runner,test133@runner.com,(555) 123-0133,epic_member
TestUser134,Runner,test134@runner.com,(555) 123-0134,epic_member
TestUser135,Runner,test135@runner.com,(555) 123-0135,epic_member
TestUser136,Runner,test136@runner.com,(555) 123-0136,epic_member
TestUser137,Runner,test137@runner.com,(555) 123-0137,epic_member
TestUser138,Runner,test138@runner.com,(555) 123-0138,epic_member
TestUser139,Runner,test139@runner.com,(555) 123-0139,epic_member
TestUser140,Runner,test140@runner.com,(555) 123-0140,epic_member
TestUser141,Runner,test141@runner.com,(555) 123-0141,epic_member
TestUser142,Runner,test142@runner.com,(555) 123-0142,epic_member
TestUser143,Runner,test143@runner.com,(555) 123-0143,epic_member
TestUser144,Runner,test144@runner.com,(555) 123-0144,epic_member
TestUser145,Runner,test145@runner.com,(555) 123-0145,epic_member
TestUser146,Runner,test146@runner.com,(555) 123-0146,epic_member
TestUser147,Runner,test147@runner.com,(555) 123-0147,epic_member
TestUser148,Runner,test148@runner.com,(555) 123-0148,epic_member
TestUser149,Runner,test149@runner.com,(555) 123-0149,epic_member
TestUser150,Runner,test150@runner.com,(555) 123-0150,epic_member
TestUser151,Runner,test151@runner.com,(555) 123-0151,epic_member
TestUser152,Runner,test152@runner.com,(555) 123-0152,epic_member
TestUser153,Runner,test153@runner.com,(555) 123-0153,epic_member
TestUser154,Runner,test154@runner.com,(555) 123-0154,epic_member
TestUser155,Runner,test155@runner.com,(555) 123-0155,epic_member
TestUser156,Runner,test156@runner.com,(555) 123-0156,epic_member
TestUser157,Runner,test157@runner.com,(555) 123-0157,epic_member
TestUser158,Runner,test158@runner.com,(555) 123-0158,epic_member
TestUser159,Runner,test159@runner.com,(555) 123-0159,epic_member
TestUser160,Runner,test160@runner.com,(555) 123-0160,epic_member
TestUser161,Runner,test161@runner.com,(555) 123-0161,epic_member
TestUser162,Runner,test162@runner.com,(555) 123-0162,epic_member
TestUser163,Runner,test163@runner.com,(555) 123-0163,epic_member
TestUser164,Runner,test164@runner.com,(555) 123-0164,epic_member
TestUser165,Runner,test165@runner.com,(555) 123-0165,epic_member
TestUser166,Runner,test166@runner.com,(555) 123-0166,epic_member
TestUser167,Runner,test167@runner.com,(555) 123-0167,epic_member
TestUser168,Runner,test168@runner.com,(555) 123-0168,epic_member
TestUser169,Runner,test169@runner.com,(555) 123-0169,epic_member
TestUser170,Runner,test170@runner.com,(555) 123-0170,epic_member
TestUser171,Runner,test171@runner.com,(555) 123-0171,epic_member
TestUser172,Runner,test172@runner.com,(555) 123-0172,epic_member
TestUser173,Runner,test173@runner.com,(555) 123-0173,epic_member
TestUser174,Runner,test174@runner.com,(555) 123-0174,epic_member
TestUser175,Runner,test175@runner.com,(555) 123-0175,epic_member
TestUser176,Runner,test176@runner.com,(555) 123-0176,epic_member
TestUser177,Runner,test177@runner.com,(555) 123-0177,epic_member
TestUser178,Runner,test178@runner.com,(555) 123-0178,epic_member
TestUser179,Runner,test179@runner.com,(555) 123-0179,epic_member
TestUser180,Runner,test180@runner.com,(555) 123-0180,epic_member
TestUser181,Runner,test181@runner.com,(555) 123-0181,epic_member
TestUser182,Runner,test182@runner.com,(555) 123-0182,epic_member
TestUser183,Runner,test183@runner.com,(555) 123-0183,epic_member
TestUser184,Runner,test184@runner.com,(555) 123-0184,epic_member
TestUser185,Runner,test185@runner.com,(555) 123-0185,epic_member
TestUser186,Runner,test186@runner.com,(555) 123-0186,epic_member
TestUser187,Runner,test187@runner.com,(555) 123-0187,epic_member
TestUser188,Runner,test188@runner.com,(555) 123-0188,epic_member
TestUser189,Runner,test189@runner.com,(555) 123-0189,epic_member
TestUser190,Runner,test190@runner.com,(555) 123-0190,epic_member
TestUser191,Runner,test191@runner.com,(555) 123-0191,epic_member
TestUser192,Runner,test192@runner.com,(555) 123-0192,epic_member
TestUser193,Runner,test193@runner.com,(555) 123-0193,epic_member
TestUser194,Runner,test194@runner.com,(555) 123-0194,epic_member
TestUser195,Runner,test195@runner.com,(555) 123-0195,epic_member
TestUser196,Runner,test196@runner.com,(555) 123-0196,epic_member
TestUser197,Runner,test197@runner.com,(555) 123-0197,epic_member
TestUser198,Runner,test198@runner.com,(555) 123-0198,epic_member
TestUser199,Runner,test199@runner.com,(555) 123-0199,epic_member
TestUser200,Runner,test200@runner.com,(555) 123-0200,epic_member
TestUser201,Runner,test201@runner.com,(555) 123-0201,epic_member
TestUser202,Runner,test202@runner.com,(555) 123-0202,epic_member
TestUser203,Runner,test203@runner.com,(555) 123-0203,epic_member
TestUser204,Runner,test204@runner.com,(555) 123-0204,epic_member
TestUser205,Runner,test205@runner.com,(555) 123-0205,epic_member
TestUser206,Runner,test206@runner.com,(555) 123-0206,epic_member
TestUser207,Runner,test207@runner.com,(555) 123-0207,epic_member
TestUser208,Runner,test208@runner.com,(555) 123-0208,epic_member
TestUser209,Runner,test209@runner.com,(555) 123-0209,epic_member
TestUser210,Runner,test210@runner.com,(555) 123-0210,epic_member
TestUser211,Runner,test211@runner.com,(555) 123-0211,epic_member
TestUser212,Runner,test212@runner.com,(555) 123-0212,epic_member
TestUser213,Runner,test213@runner.com,(555) 123-0213,epic_member
TestUser214,Runner,test214@runner.com,(555) 123-0214,epic_member
TestUser215,Runner,test215@runner.com,(555) 123-0215,epic_member
TestUser216,Runner,test216@runner.com,(555) 123-0216,epic_member
TestUser217,Runner,test217@runner.com,(555) 123-0217,epic_member
TestUser218,Runner,test218@runner.com,(555) 123-0218,epic_member
TestUser219,Runner,test219@runner.com,(555) 123-0219,epic_member
TestUser220,Runner,test220@runner.com,(555) 123-0220,epic_member
TestUser221,Runner,test221@runner.com,(555) 123-0221,epic_member
TestUser222,Runner,test222@runner.com,(555) 123-0222,epic_member
TestUser223,Runner,test223@runner.com,(555) 123-0223,epic_member
TestUser224,Runner,test224@runner.com,(555) 123-0224,epic_member
TestUser225,Runner,test225@runner.com,(555) 123-0225,epic_member
TestUser226,Runner,test226@runner.com,(555) 123-0226,epic_member
TestUser227,Runner,test227@runner.com,(555) 123-0227,epic_member
TestUser228,Runner,test228@runner.com,(555) 123-0228,epic_member
TestUser229,Runner,test229@runner.com,(555) 123-0229,epic_member
TestUser230,Runner,test230@runner.com,(555) 123-0230,epic_member
TestUser231,Runner,test231@runner.com,(555) 123-0231,epic_member
TestUser232,Runner,test232@runner.com,(555) 123-0232,epic_member
TestUser233,Runner,test233@runner.com,(555) 123-0233,epic_member
TestUser234,Runner,test234@runner.com,(555) 123-0234,epic_member
TestUser235,Runner,test235@runner.com,(555) 123-0235,epic_member
TestUser236,Runner,test236@runner.com,(555) 123-0236,epic_member
TestUser237,Runner,test237@runner.com,(555) 123-0237,epic_member
TestUser238,Runner,test238@runner.com,(555) 123-0238,epic_member
TestUser239,Runner,test239@runner.com,(555) 123-0239,epic_member
TestUser240,Runner,test240@runner.com,(555) 123-0240,epic_member
TestUser241,Runner,test241@runner.com,(555) 123-0241,epic_member
TestUser242,Runner,test242@runner.com,(555) 123-0242,epic_member
TestUser243,Runner,test243@runner.com,(555) 123-0243,epic_member
TestUser244,Runner,test244@runner.com,(555) 123-0244,epic_member
TestUser245,Runner,test245@runner.com,(555) 123-0245,epic_member
TestUser246,Runner,test246@runner.com,(555) 123-0246,epic_member
TestUser247,Runner,test247@runner.com,(555) 123-0247,epic_member
TestUser248,Runner,test248@runner.com,(555) 123-0248,epic_member
TestUser249,Runner,test249@runner.com,(555) 123-0249,epic_member
TestUser250,Runner,test250@runner.com,(555) 123-0250,epic_member
TestUser251,Runner,test251@runner.com,(555) 123-0251,epic_member
TestUser252,Runner,test252@runner.com,(555) 123-0252,epic_member
TestUser253,Runner,test253@runner.com,(555) 123-0253,epic_member
TestUser254,Runner,test254@runner.com,(555) 123-0254,epic_member
TestUser255,Runner,test255@runner.com,(555) 123-0255,epic_member
TestUser256,Runner,test256@runner.com,(555) 123-0256,epic_member
TestUser257,Runner,test257@runner.com,(555) 123-0257,epic_member
TestUser258,Runner,test258@runner.com,(555) 123-0258,epic_member
TestUser259,Runner,test259@runner.com,(555) 123-0259,epic_member
TestUser260,Runner,test260@runner.com,(555) 123-0260,epic_member
TestUser261,Runner,test261@runner.com,(555) 123-0261,epic_member
TestUser262,Runner,test262@runner.com,(555) 123-0262,epic_member
TestUser263,Runner,test263@runner.com,(555) 123-0263,epic_member
TestUser264,Runner,test264@runner.com,(555) 123-0264,epic_member
TestUser265,Runner,test265@runner.com,(555) 123-0265,epic_member
TestUser266,Runner,test266@runner.com,(555) 123-0266,epic_member
TestUser267,Runner,test267@runner.com,(555) 123-0267,epic_member
TestUser268,Runner,test268@runner.com,(555) 123-0268,epic_member
TestUser269,Runner,test269@runner.com,(555) 123-0269,epic_member
TestUser270,Runner,test270@runner.com,(555) 123-0270,epic_member
TestUser271,Runner,test271@runner.com,(555) 123-0271,epic_member
TestUser272,Runner,test272@runner.com,(555) 123-0272,epic_member
TestUser273,Runner,test273@runner.com,(555) 123-0273,epic_member
TestUser274,Runner,test274@runner.com,(555) 123-0274,epic_member
TestUser275,Runner,test275@runner.com,(555) 123-0275,epic_member
TestUser276,Runner,test276@runner.com,(555) 123-0276,epic_member
TestUser277,Runner,test277@runner.com,(555) 123-0277,epic_member
TestUser278,Runner,test278@runner.com,(555) 123-0278,epic_member
TestUser279,Runner,test279@runner.com,(555) 123-0279,epic_member
TestUser280,Runner,test280@runner.com,(555) 123-0280,epic_member
TestUser281,Runner,test281@runner.com,(555) 123-0281,epic_member
TestUser282,Runner,test282@runner.com,(555) 123-0282,epic_member
TestUser283,Runner,test283@runner.com,(555) 123-0283,epic_member
TestUser284,Runner,test284@runner.com,(555) 123-0284,epic_member
TestUser285,Runner,test285@runner.com,(555) 123-0285,epic_member
TestUser286,Runner,test286@runner.com,(555) 123-0286,epic_member
TestUser287,Runner,test287@runner.com,(555) 123-0287,epic_member
TestUser288,Runner,test288@runner.com,(555) 123-0288,epic_member
TestUser289,Runner,test289@runner.com,(555) 123-0289,epic_member
TestUser290,Runner,test290@runner.com,(555) 123-0290,epic_member
TestUser291,Runner,test291@runner.com,(555) 123-0291,epic_member
TestUser292,Runner,test292@runner.com,(555) 123-0292,epic_member
TestUser293,Runner,test293@runner.com,(555) 123-0293,epic_member
TestUser294,Runner,test294@runner.com,(555) 123-0294,epic_member
TestUser295,Runner,test295@runner.com,(555) 123-0295,epic_member
TestUser296,Runner,test296@runner.com,(555) 123-0296,epic_member
TestUser297,Runner,test297@runner.com,(555) 123-0297,epic_member
TestUser298,Runner,test298@runner.com,(555) 123-0298,epic_member
TestUser299,Runner,test299@runner.com,(555) 123-0299,epic_member
TestUser300,Runner,test300@runner.com,(555) 123-0300,epic_member
TestUser301,Runner,test301@runner.com,(555) 123-0301,epic_member
TestUser302,Runner,test302@runner.com,(555) 123-0302,epic_member
TestUser303,Runner,test303@runner.com,(555) 123-0303,epic_member
TestUser304,Runner,test304@runner.com,(555) 123-0304,epic_member
TestUser305,Runner,test305@runner.com,(555) 123-0305,epic_member
TestUser306,Runner,test306@runner.com,(555) 123-0306,epic_member
TestUser307,Runner,test307@runner.com,(555) 123-0307,epic_member
TestUser308,Runner,test308@runner.com,(555) 123-0308,epic_member
TestUser309,Runner,test309@runner.com,(555) 123-0309,epic_member
TestUser310,Runner,test310@runner.com,(555) 123-0310,epic_member
TestUser311,Runner,test311@runner.com,(555) 123-0311,epic_member
TestUser312,Runner,test312@runner.com,(555) 123-0312,epic_member
TestUser313,Runner,test313@runner.com,(555) 123-0313,epic_member
TestUser314,Runner,test314@runner.com,(555) 123-0314,epic_member
TestUser315,Runner,test315@runner.com,(555) 123-0315,epic_member
TestUser316,Runner,test316@runner.com,(555) 123-0316,epic_member
TestUser317,Runner,test317@runner.com,(555) 123-0317,epic_member
TestUser318,Runner,test318@runner.com,(555) 123-0318,epic_member
TestUser319,Runner,test319@runner.com,(555) 123-0319,epic_member
TestUser320,Runner,test320@runner.com,(555) 123-0320,epic_member
TestUser321,Runner,test321@runner.com,(555) 123-0321,epic_member
TestUser322,Runner,test322@runner.com,(555) 123-0322,epic_member
TestUser323,Runner,test323@runner.com,(555) 123-0323,epic_member
TestUser324,Runner,test324@runner.com,(555) 123-0324,epic_member
TestUser325,Runner,test325@runner.com,(555) 123-0325,epic_member
TestUser326,Runner,test326@runner.com,(555) 123-0326,epic_member
TestUser327,Runner,test327@runner.com,(555) 123-0327,epic_member
TestUser328,Runner,test328@runner.com,(555) 123-0328,epic_member
TestUser329,Runner,test329@runner.com,(555) 123-0329,epic_member
TestUser330,Runner,test330@runner.com,(555) 123-0330,epic_member
TestUser331,Runner,test331@runner.com,(555) 123-0331,epic_member
TestUser332,Runner,test332@runner.com,(555) 123-0332,epic_member
TestUser333,Runner,test333@runner.com,(555) 123-0333,epic_member
TestUser334,Runner,test334@runner.com,(555) 123-0334,epic_member
TestUser335,Runner,test335@runner.com,(555) 123-0335,epic_member
TestUser336,Runner,test336@runner.com,(555) 123-0336,epic_member
TestUser337,Runner,test337@runner.com,(555) 123-0337,epic_member
TestUser338,Runner,test338@runner.com,(555) 123-0338,epic_member
TestUser339,Runner,test339@runner.com,(555) 123-0339,epic_member
TestUser340,Runner,test340@runner.com,(555) 123-0340,epic_member
TestUser341,Runner,test341@runner.com,(555) 123-0341,epic_member
TestUser342,Runner,test342@runner.com,(555) 123-0342,epic_member
TestUser343,Runner,test343@runner.com,(555) 123-0343,epic_member
TestUser344,Runner,test344@runner.com,(555) 123-0344,epic_member
TestUser345,Runner,test345@runner.com,(555) 123-0345,epic_member
TestUser346,Runner,test346@runner.com,(555) 123-0346,epic_member
TestUser347,Runner,test347@runner.com,(555) 123-0347,epic_member
TestUser348,Runner,test348@runner.com,(555) 123-0348,epic_member
TestUser349,Runner,test349@runner.com,(555) 123-0349,epic_member
TestUser350,Runner,test350@runner.com,(555) 123-0350,epic_member
TestUser351,Runner,test351@runner.com,(555) 123-0351,epic_member
TestUser352,Runner,test352@runner.com,(555) 123-0352,epic_member
TestUser353,Runner,test353@runner.com,(555) 123-0353,epic_member
TestUser354,Runner,test354@runner.com,(555) 123-0354,epic_member
TestUser355,Runner,test355@runner.com,(555) 123-0355,epic_member
TestUser356,Runner,test356@runner.com,(555) 123-0356,epic_member
TestUser357,Runner,test357@runner.com,(555) 123-0357,epic_member
TestUser358,Runner,test358@runner.com,(555) 123-0358,epic_member
TestUser359,Runner,test359@runner.com,(555) 123-0359,epic_member
TestUser360,Runner,test360@runner.com,(555) 123-0360,epic_member
TestUser361,Runner,test361@runner.com,(555) 123-0361,epic_member
TestUser362,Runner,test362@runner.com,(555) 123-0362,epic_member
TestUser363,Runner,test363@runner.com,(555) 123-0363,epic_member
TestUser364,Runner,test364@runner.com,(555) 123-0364,epic_member
TestUser365,Runner,test365@runner.com,(555) 123-0365,epic_member
TestUser366,Runner,test366@runner.com,(555) 123-0366,epic_member
TestUser367,Runner,test367@runner.com,(555) 123-0367,epic_member
TestUser368,Runner,test368@runner.com,(555) 123-0368,epic_member
TestUser369,Runner,test369@runner.com,(555) 123-0369,epic_member
TestUser370,Runner,test370@runner.com,(555) 123-0370,epic_member
TestUser371,Runner,test371@runner.com,(555) 123-0371,epic_member
TestUser372,Runner,test372@runner.com,(555) 123-0372,epic_member
TestUser373,Runner,test373@runner.com,(555) 123-0373,epic_member
TestUser374,Runner,test374@runner.com,(555) 123-0374,epic_member
TestUser375,Runner,test375@runner.com,(555) 123-0375,epic_member
TestUser376,Runner,test376@runner.com,(555) 123-0376,epic_member
TestUser377,Runner,test377@runner.com,(555) 123-0377,epic_member
TestUser378,Runner,test378@runner.com,(555) 123-0378,epic_member
TestUser379,Runner,test379@runner.com,(555) 123-0379,epic_member
TestUser380,Runner,test380@runner.com,(555) 123-0380,epic_member
TestUser381,Runner,test381@runner.com,(555) 123-0381,epic_member
TestUser382,Runner,test382@runner.com,(555) 123-0382,epic_member
TestUser383,Runner,test383@runner.com,(555) 123-0383,epic_member
TestUser384,Runner,test384@runner.com,(555) 123-0384,epic_member
TestUser385,Runner,test385@runner.com,(555) 123-0385,epic_member
TestUser386,Runner,test386@runner.com,(555) 123-0386,epic_member
TestUser387,Runner,test387@runner.com,(555) 123-0387,epic_member
TestUser388,Runner,test388@runner.com,(555) 123-0388,epic_member
TestUser389,Runner,test389@runner.com,(555) 123-0389,epic_member
TestUser390,Runner,test390@runner.com,(555) 123-0390,epic_member
TestUser391,Runner,test391@runner.com,(555) 123-0391,epic_member
TestUser392,Runner,test392@runner.com,(555) 123-0392,epic_member
TestUser393,Runner,test393@runner.com,(555) 123-0393,epic_member
TestUser394,Runner,test394@runner.com,(555) 123-0394,epic_member
TestUser395,Runner,test395@runner.com,(555) 123-0395,epic_member
TestUser396,Runner,test396@runner.com,(555) 123-0396,epic_member
TestUser397,Runner,test397@runner.com,(555) 123-0397,epic_member
TestUser398,Runner,test398@runner.com,(555) 123-0398,epic_member
TestUser399,Runner,test399@runner.com,(555) 123-0399,epic_member
TestUser400,Runner,test400@runner.com,(555) 123-0400,epic_member
TestUser401,Runner,test401@runner.com,(555) 123-0401,epic_member
TestUser402,Runner,test402@runner.com,(555) 123-0402,epic_member
TestUser403,Runner,test403@runner.com,(555) 123-0403,epic_member
TestUser404,Runner,test404@runner.com,(555) 123-0404,epic_member
TestUser405,Runner,test405@runner.com,(555) 123-0405,epic_member
TestUser406,Runner,test406@runner.com,(555) 123-0406,epic_member
TestUser407,Runner,test407@runner.com,(555) 123-0407,epic_member
TestUser408,Runner,test408@runner.com,(555) 123-0408,epic_member
TestUser409,Runner,test409@runner.com,(555) 123-0409,epic_member
TestUser410,Runner,test410@runner.com,(555) 123-0410,epic_member
TestUser411,Runner,test411@runner.com,(555) 123-0411,epic_member
TestUser412,Runner,test412@runner.com,(555) 123-0412,epic_member
TestUser413,Runner,test413@runner.com,(555) 123-0413,epic_member
TestUser414,Runner,test414@runner.com,(555) 123-0414,epic_member
TestUser415,Runner,test415@runner.com,(555) 123-0415,epic_member
TestUser416,Runner,test416@runner.com,(555) 123-0416,epic_member
TestUser417,Runner,test417@runner.com,(555) 123-0417,epic_member
TestUser418,Runner,test418@runner.com,(555) 123-0418,epic_member
TestUser419,Runner,test419@runner.com,(555) 123-0419,epic_member
TestUser420,Runner,test420@runner.com,(555) 123-0420,epic_member
TestUser421,Runner,test421@runner.com,(555) 123-0421,epic_member
TestUser422,Runner,test422@runner.com,(555) 123-0422,epic_member
TestUser423,Runner,test423@runner.com,(555) 123-0423,epic_member
TestUser424,Runner,test424@runner.com,(555) 123-0424,epic_member
TestUser425,Runner,test425@runner.com,(555) 123-0425,epic_member
TestUser426,Runner,test426@runner.com,(555) 123-0426,epic_member
TestUser427,Runner,test427@runner.com,(555) 123-0427,epic_member
TestUser428,Runner,test428@runner.com,(555) 123-0428,epic_member
TestUser429,Runner,test429@runner.com,(555) 123-0429,epic_member
TestUser430,Runner,test430@runner.com,(555) 123-0430,epic_member
TestUser431,Runner,test431@runner.com,(555) 123-0431,epic_member
TestUser432,Runner,test432@runner.com,(555) 123-0432,epic_member
TestUser433,Runner,test433@runner.com,(555) 123-0433,epic_member
TestUser434,Runner,test434@runner.com,(555) 123-0434,epic_member
TestUser435,Runner,test435@runner.com,(555) 123-0435,epic_member
TestUser436,Runner,test436@runner.com,(555) 123-0436,epic_member
TestUser437,Runner,test437@runner.com,(555) 123-0437,epic_member
TestUser438,Runner,test438@runner.com,(555) 123-0438,epic_member
TestUser439,Runner,test439@runner.com,(555) 123-0439,epic_member
TestUser440,Runner,test440@runner.com,(555) 123-0440,epic_member
TestUser441,Runner,test441@runner.com,(555) 123-0441,epic_member
TestUser442,Runner,test442@runner.com,(555) 123-0442,epic_member
TestUser443,Runner,test443@runner.com,(555) 123-0443,epic_member
TestUser444,Runner,test444@runner.com,(555) 123-0444,epic_member
TestUser445,Runner,test445@runner.com,(555) 123-0445,epic_member
TestUser446,Runner,test446@runner.com,(555) 123-0446,epic_member
TestUser447,Runner,test447@runner.com,(555) 123-0447,epic_member
TestUser448,Runner,test448@runner.com,(555) 123-0448,epic_member
TestUser449,Runner,test449@runner.com,(555) 123-0449,epic_member
TestUser450,Runner,test450@runner.com,(555) 123-0450,epic_member
TestUser451,Runner,test451@runner.com,(555) 123-0451,epic_member
TestUser452,Runner,test452@runner.com,(555) 123-0452,epic_member
TestUser453,Runner,test453@runner.com,(555) 123-0453,epic_member
TestUser454,Runner,test454@runner.com,(555) 123-0454,epic_member
TestUser455,Runner,test455@runner.com,(555) 123-0455,epic_member
TestUser456,Runner,test456@runner.com,(555) 123-0456,epic_member
TestUser457,Runner,test457@runner.com,(555) 123-0457,epic_member
TestUser458,Runner,test458@runner.com,(555) 123-0458,epic_member
TestUser459,Runner,test459@runner.com,(555) 123-0459,epic_member
TestUser460,Runner,test460@runner.com,(555) 123-0460,epic_member
TestUser461,Runner,test461@runner.com,(555) 123-0461,epic_member
TestUser462,Runner,test462@runner.com,(555) 123-0462,epic_member
TestUser463,Runner,test463@runner.com,(555) 123-0463,epic_member
TestUser464,Runner,test464@runner.com,(555) 123-0464,epic_member
TestUser465,Runner,test465@runner.com,(555) 123-0465,epic_member
TestUser466,Runner,test466@runner.com,(555) 123-0466,epic_member
TestUser467,Runner,test467@runner.com,(555) 123-0467,epic_member
TestUser468,Runner,test468@runner.com,(555) 123-0468,epic_member
TestUser469,Runner,test469@runner.com,(555) 123-0469,epic_member
TestUser470,Runner,test470@runner.com,(555) 123-0470,epic_member
TestUser471,Runner,test471@runner.com,(555) 123-0471,epic_member
TestUser472,Runner,test472@runner.com,(555) 123-0472,epic_member
TestUser473,Runner,test473@runner.com,(555) 123-0473,epic_member
TestUser474,Runner,test474@runner.com,(555) 123-0474,epic_member
TestUser475,Runner,test475@runner.com,(555) 123-0475,epic_member
TestUser476,Runner,test476@runner.com,(555) 123-0476,epic_member
TestUser477,Runner,test477@runner.com,(555) 123-0477,epic_member
TestUser478,Runner,test478@runner.com,(555) 123-0478,epic_member
TestUser479,Runner,test479@runner.com,(555) 123-0479,epic_member
TestUser480,Runner,test480@runner.com,(555) 123-0480,epic_member
TestUser481,Runner,test481@runner.com,(555) 123-0481,epic_member
TestUser482,Runner,test482@runner.com,(555) 123-0482,epic_member
TestUser483,Runner,test483@runner.com,(555) 123-0483,epic_member
TestUser484,Runner,test484@runner.com,(555) 123-0484,epic_member
TestUser485,Runner,test485@runner.com,(555) 123-0485,epic_member
TestUser486,Runner,test486@runner.com,(555) 123-0486,epic_member
TestUser487,Runner,test487@runner.com,(555) 123-0487,epic_member
TestUser488,Runner,test488@runner.com,(555) 123-0488,epic_member
TestUser489,Runner,test489@runner.com,(555) 123-0489,epic_member
TestUser490,Runner,test490@runner.com,(555) 123-0490,epic_member
TestUser491,Runner,test491@runner.com,(555) 123-0491,epic_member
TestUser492,Runner,test492@runner.com,(555) 123-0492,epic_member
TestUser493,Runner,test493@runner.com,(555) 123-0493,epic_member
TestUser494,Runner,test494@runner.com,(555) 123-0494,epic_member
TestUser495,Runner,test495@runner.com,(555) 123-0495,epic_member
TestUser496,Runner,test496@runner.com,(555) 123-0496,epic_member
TestUser497,Runner,test497@runner.com,(555) 123-0497,epic_member
TestUser498,Runner,test498@runner.com,(555) 123-0498,epic_member
TestUser499,Runner,test499@runner.com,(555) 123-0499,epic_member
TestUser500,Runner,test500@runner.com,(555) 123-0500,epic_member
TestUser501,Runner,test501@runner.com,(555) 123-0501,epic_member
TestUser502,Runner,test502@runner.com,(555) 123-0502,epic_member
TestUser503,Runner,test503@runner.com,(555) 123-0503,epic_member
TestUser504,Runner,test504@runner.com,(555) 123-0504,epic_member
TestUser505,Runner,test505@runner.com,(555) 123-0505,epic_member
TestUser506,Runner,test506@runner.com,(555) 123-0506,epic_member
TestUser507,Runner,test507@runner.com,(555) 123-0507,epic_member
TestUser508,Runner,test508@runner.com,(555) 123-0508,epic_member
TestUser509,Runner,test509@runner.com,(555) 123-0509,epic_member
TestUser510,Runner,test510@runner.com,(555) 123-0510,epic_member
TestUser511,Runner,test511@runner.com,(555) 123-0511,epic_member
TestUser512,Runner,test512@runner.com,(555) 123-0512,epic_member
TestUser513,Runner,test513@runner.com,(555) 123-0513,epic_member
TestUser514,Runner,test514@runner.com,(555) 123-0514,epic_member
TestUser515,Runner,test515@runner.com,(555) 123-0515,epic_member
TestUser516,Runner,test516@runner.com,(555) 123-0516,epic_member
TestUser517,Runner,test517@runner.com,(555) 123-0517,epic_member
TestUser518,Runner,test518@runner.com,(555) 123-0518,epic_member
TestUser519,Runner,test519@runner.com,(555) 123-0519,epic_member
TestUser520,Runner,test520@runner.com,(555) 123-0520,epic_member
TestUser521,Runner,test521@runner.com,(555) 123-0521,epic_member
TestUser522,Runner,test522@runner.com,(555) 123-0522,epic_member
TestUser523,Runner,test523@runner.com,(555) 123-0523,epic_member
TestUser524,Runner,test524@runner.com,(555) 123-0524,epic_member
TestUser525,Runner,test525@runner.com,(555) 123-0525,epic_member
TestUser526,Runner,test526@runner.com,(555) 123-0526,epic_member
TestUser527,Runner,test527@runner.com,(555) 123-0527,epic_member
TestUser528,Runner,test528@runner.com,(555) 123-0528,epic_member
TestUser529,Runner,test529@runner.com,(555) 123-0529,epic_member
TestUser530,Runner,test530@runner.com,(555) 123-0530,epic_member
TestUser531,Runner,test531@runner.com,(555) 123-0531,epic_member
TestUser532,Runner,test532@runner.com,(555) 123-0532,epic_member
TestUser533,Runner,test533@runner.com,(555) 123-0533,epic_member
TestUser534,Runner,test534@runner.com,(555) 123-0534,epic_member
TestUser535,Runner,test535@runner.com,(555) 123-0535,epic_member
TestUser536,Runner,test536@runner.com,(555) 123-0536,epic_member
TestUser537,Runner,test537@runner.com,(555) 123-0537,epic_member
TestUser538,Runner,test538@runner.com,(555) 123-0538,epic_member
TestUser539,Runner,test539@runner.com,(555) 123-0539,epic_member
TestUser540,Runner,test540@runner.com,(555) 123-0540,epic_member
TestUser541,Runner,test541@runner.com,(555) 123-0541,epic_member
TestUser542,Runner,test542@runner.com,(555) 123-0542,epic_member
TestUser543,Runner,test543@runner.com,(555) 123-0543,epic_member
TestUser544,Runner,test544@runner.com,(555) 123-0544,epic_member
TestUser545,Runner,test545@runner.com,(555) 123-0545,epic_member
TestUser546,Runner,test546@runner.com,(555) 123-0546,epic_member
TestUser547,Runner,test547@runner.com,(555) 123-0547,epic_member
TestUser548,Runner,test548@runner.com,(555) 123-0548,epic_member
TestUser549,Runner,test549@runner.com,(555) 123-0549,epic_member
TestUser550,Runner,test550@runner.com,(555) 123-0550,epic_member
TestUser551,Runner,test551@runner.com,(555) 123-0551,epic_member
TestUser552,Runner,test552@runner.com,(555) 123-0552,epic_member
TestUser553,Runner,test553@runner.com,(555) 123-0553,epic_member
TestUser554,Runner,test554@runner.com,(555) 123-0554,epic_member
TestUser555,Runner,test555@runner.com,(555) 123-0555,epic_member
TestUser556,Runner,test556@runner.com,(555) 123-0556,epic_member
TestUser557,Runner,test557@runner.com,(555) 123-0557,epic_member
TestUser558,Runner,test558@runner.com,(555) 123-0558,epic_member
TestUser559,Runner,test559@runner.com,(555) 123-0559,epic_member
TestUser560,Runner,test560@runner.com,(555) 123-0560,epic_member
TestUser561,Runner,test561@runner.com,(555) 123-0561,epic_member
TestUser562,Runner,test562@runner.com,(555) 123-0562,epic_member
TestUser563,Runner,test563@runner.com,(555) 123-0563,epic_member
TestUser564,Runner,test564@runner.com,(555) 123-0564,epic_member
TestUser565,Runner,test565@runner.com,(555) 123-0565,epic_member
TestUser566,Runner,test566@runner.com,(555) 123-0566,epic_member
TestUser567,Runner,test567@runner.com,(555) 123-0567,epic_member
TestUser568,Runner,test568@runner.com,(555) 123-0568,epic_member
TestUser569,Runner,test569@runner.com,(555) 123-0569,epic_member
TestUser570,Runner,test570@runner.com,(555) 123-0570,epic_member
TestUser571,Runner,test571@runner.com,(555) 123-0571,epic_member
TestUser572,Runner,test572@runner.com,(555) 123-0572,epic_member
TestUser573,Runner,test573@runner.com,(555) 123-0573,epic_member
TestUser574,Runner,test574@runner.com,(555) 123-0574,epic_member
TestUser575,Runner,test575@runner.com,(555) 123-0575,epic_member
TestUser576,Runner,test576@runner.com,(555) 123-0576,epic_member
TestUser577,Runner,test577@runner.com,(555) 123-0577,epic_member
TestUser578,Runner,test578@runner.com,(555) 123-0578,epic_member
TestUser579,Runner,test579@runner.com,(555) 123-0579,epic_member
TestUser580,Runner,test580@runner.com,(555) 123-0580,epic_member
TestUser581,Runner,test581@runner.com,(555) 123-0581,epic_member
TestUser582,Runner,test582@runner.com,(555) 123-0582,epic_member
TestUser583,Runner,test583@runner.com,(555) 123-0583,epic_member
TestUser584,Runner,test584@runner.com,(555) 123-0584,epic_member
TestUser585,Runner,test585@runner.com,(555) 123-0585,epic_member
TestUser586,Runner,test586@runner.com,(555) 123-0586,epic_member
TestUser587,Runner,test587@runner.com,(555) 123-0587,epic_member
TestUser588,Runner,test588@runner.com,(555) 123-0588,epic_member
TestUser589,Runner,test589@runner.com,(555) 123-0589,epic_member
TestUser590,Runner,test590@runner.com,(555) 123-0590,epic_member
TestUser591,Runner,test591@runner.com,(555) 123-0591,epic_member
TestUser592,Runner,test592@runner.com,(555) 123-0592,epic_member
TestUser593,Runner,test593@runner.com,(555) 123-0593,epic_member
TestUser594,Runner,test594@runner.com,(555) 123-0594,epic_member
TestUser595,Runner,test595@runner.com,(555) 123-0595,epic_member
TestUser596,Runner,test596@runner.com,(555) 123-0596,epic_member
TestUser597,Runner,test597@runner.com,(555) 123-0597,epic_member
TestUser598,Runner,test598@runner.com,(555) 123-0598,epic_member
TestUser599,Runner,test599@runner.com,(555) 123-0599,epic_member
TestUser600,Runner,test600@runner.com,(555) 123-0600,epic_member
TestUser601,Runner,test601@runner.com,(555) 123-0601,epic_member
TestUser602,Runner,test602@runner.com,(555) 123-0602,epic_member
TestUser603,Runner,test603@runner.com,(555) 123-0603,epic_member
TestUser604,Runner,test604@runner.com,(555) 123-0604,epic_member
TestUser605,Runner,test605@runner.com,(555) 123-0605,epic_member
TestUser606,Runner,test606@runner.com,(555) 123-0606,epic_member
TestUser607,Runner,test607@runner.com,(555) 123-0607,epic_member
TestUser608,Runner,test608@runner.com,(555) 123-0608,epic_member
TestUser609,Runner,test609@runner.com,(555) 123-0609,epic_member
TestUser610,Runner,test610@runner.com,(555) 123-0610,epic_member
TestUser611,Runner,test611@runner.com,(555) 123-0611,epic_member
TestUser612,Runner,test612@runner.com,(555) 123-0612,epic_member
TestUser613,Runner,test613@runner.com,(555) 123-0613,epic_member
TestUser614,Runner,test614@runner.com,(555) 123-0614,epic_member
TestUser615,Runner,test615@runner.com,(555) 123-0615,epic_member
TestUser616,Runner,test616@runner.com,(555) 123-0616,epic_member
TestUser617,Runner,test617@runner.com,(555) 123-0617,epic_member
TestUser618,Runner,test618@runner.com,(555) 123-0618,epic_member
TestUser619,Runner,test619@runner.com,(555) 123-0619,epic_member
TestUser620,Runner,test620@runner.com,(555) 123-0620,epic_member
TestUser621,Runner,test621@runner.com,(555) 123-0621,epic_member
TestUser622,Runner,test622@runner.com,(555) 123-0622,epic_member
TestUser623,Runner,test623@runner.com,(555) 123-0623,epic_member
TestUser624,Runner,test624@runner.com,(555) 123-0624,epic_member
TestUser625,Runner,test625@runner.com,(555) 123-0625,epic_member
TestUser626,Runner,test626@runner.com,(555) 123-0626,epic_member
TestUser627,Runner,test627@runner.com,(555) 123-0627,epic_member
TestUser628,Runner,test628@runner.com,(555) 123-0628,epic_member
TestUser629,Runner,test629@runner.com,(555) 123-0629,epic_member
TestUser630,Runner,test630@runner.com,(555) 123-0630,epic_member
TestUser631,Runner,test631@runner.com,(555) 123-0631,epic_member
TestUser632,Runner,test632@runner.com,(555) 123-0632,epic_member
TestUser633,Runner,test633@runner.com,(555) 123-0633,epic_member
TestUser634,Runner,test634@runner.com,(555) 123-0634,epic_member
TestUser635,Runner,test635@runner.com,(555) 123-0635,epic_member
TestUser636,Runner,test636@runner.com,(555) 123-0636,epic_member
TestUser637,Runner,test637@runner.com,(555) 123-0637,epic_member
TestUser638,Runner,test638@runner.com,(555) 123-0638,epic_member
TestUser639,Runner,test639@runner.com,(555) 123-0639,epic_member
TestUser640,Runner,test640@runner.com,(555) 123-0640,epic_member
TestUser641,Runner,test641@runner.com,(555) 123-0641,epic_member
TestUser642,Runner,test642@runner.com,(555) 123-0642,epic_member
TestUser643,Runner,test643@runner.com,(555) 123-0643,epic_member
TestUser644,Runner,test644@runner.com,(555) 123-0644,epic_member
TestUser645,Runner,test645@runner.com,(555) 123-0645,epic_member
TestUser646,Runner,test646@runner.com,(555) 123-0646,epic_member
TestUser647,Runner,test647@runner.com,(555) 123-0647,epic_member
TestUser648,Runner,test648@runner.com,(555) 123-0648,epic_member
TestUser649,Runner,test649@runner.com,(555) 123-0649,epic_member
TestUser650,Runner,test650@runner.com,(555) 123-0650,epic_member
TestUser651,Runner,test651@runner.com,(555) 123-0651,epic_member
TestUser652,Runner,test652@runner.com,(555) 123-0652,epic_member
TestUser653,Runner,test653@runner.com,(555) 123-0653,epic_member
TestUser654,Runner,test654@runner.com,(555) 123-0654,epic_member
TestUser655,Runner,test655@runner.com,(555) 123-0655,epic_member
TestUser656,Runner,test656@runner.com,(555) 123-0656,epic_member
TestUser657,Runner,test657@runner.com,(555) 123-0657,epic_member
TestUser658,Runner,test658@runner.com,(555) 123-0658,epic_member
TestUser659,Runner,test659@runner.com,(555) 123-0659,epic_member
TestUser660,Runner,test660@runner.com,(555) 123-0660,epic_member
TestUser661,Runner,test661@runner.com,(555) 123-0661,epic_member
TestUser662,Runner,test662@runner.com,(555) 123-0662,epic_member
TestUser663,Runner,test663@runner.com,(555) 123-0663,epic_member
TestUser664,Runner,test664@runner.com,(555) 123-0664,epic_member
TestUser665,Runner,test665@runner.com,(555) 123-0665,epic_member
TestUser666,Runner,test666@runner.com,(555) 123-0666,epic_member
TestUser667,Runner,test667@runner.com,(555) 123-0667,epic_member
TestUser668,Runner,test668@runner.com,(555) 123-0668,epic_member
TestUser669,Runner,test669@runner.com,(555) 123-0669,epic_member
TestUser670,Runner,test670@runner.com,(555) 123-0670,epic_member
TestUser671,Runner,test671@runner.com,(555) 123-0671,epic_member
TestUser672,Runner,test672@runner.com,(555) 123-0672,epic_member
TestUser673,Runner,test673@runner.com,(555) 123-0673,epic_member
TestUser674,Runner,test674@runner.com,(555) 123-0674,epic_member
TestUser675,Runner,test675@runner.com,(555) 123-0675,epic_member
TestUser676,Runner,test676@runner.com,(555) 123-0676,epic_member
TestUser677,Runner,test677@runner.com,(555) 123-0677,epic_member
TestUser678,Runner,test678@runner.com,(555) 123-0678,epic_member
TestUser679,Runner,test679@runner.com,(555) 123-0679,epic_member
TestUser680,Runner,test680@runner.com,(555) 123-0680,epic_member
TestUser681,Runner,test681@runner.com,(555) 123-0681,epic_member
TestUser682,Runner,test682@runner.com,(555) 123-0682,epic_member
TestUser683,Runner,test683@runner.com,(555) 123-0683,epic_member
TestUser684,Runner,test684@runner.com,(555) 123-0684,epic_member
TestUser685,Runner,test685@runner.com,(555) 123-0685,epic_member
TestUser686,Runner,test686@runner.com,(555) 123-0686,epic_member
TestUser687,Runner,test687@runner.com,(555) 123-0687,epic_member
TestUser688,Runner,test688@runner.com,(555) 123-0688,epic_member
TestUser689,Runner,test689@runner.com,(555) 123-0689,epic_member
TestUser690,Runner,test690@runner.com,(555) 123-0690,epic_member
TestUser691,Runner,test691@runner.com,(555) 123-0691,epic_member
TestUser692,Runner,test692@runner.com,(555) 123-0692,epic_member
TestUser693,Runner,test693@runner.com,(555) 123-0693,epic_member
TestUser694,Runner,test694@runner.com,(555) 123-0694,epic_member
TestUser695,Runner,test695@runner.com,(555) 123-0695,epic_member
TestUser696,Runner,test696@runner.com,(555) 123-0696,epic_member
TestUser697,Runner,test697@runner.com,(555) 123-0697,epic_member
TestUser698,Runner,test698@runner.com,(555) 123-0698,epic_member
TestUser699,Runner,test699@runner.com,(555) 123-0699,epic_member
TestUser700,Runner,test700@runner.com,(555) 123-0700,epic_member
TestUser701,Runner,test701@runner.com,(555) 123-0701,epic_member
TestUser702,Runner,test702@runner.com,(555) 123-0702,epic_member
TestUser703,Runner,test703@runner.com,(555) 123-0703,epic_member
TestUser704,Runner,test704@runner.com,(555) 123-0704,epic_member
TestUser705,Runner,test705@runner.com,(555) 123-0705,epic_member
TestUser706,Runner,test706@runner.com,(555) 123-0706,epic_member
TestUser707,Runner,test707@runner.com,(555) 123-0707,epic_member
TestUser708,Runner,test708@runner.com,(555) 123-0708,epic_member
TestUser709,Runner,test709@runner.com,(555) 123-0709,epic_member
TestUser710,Runner,test710@runner.com,(555) 123-0710,epic_member
TestUser711,Runner,test711@runner.com,(555) 123-0711,epic_member
TestUser712,Runner,test712@runner.com,(555) 123-0712,epic_member
TestUser713,Runner,test713@runner.com,(555) 123-0713,epic_member
TestUser714,Runner,test714@runner.com,(555) 123-0714,epic_member
TestUser715,Runner,test715@runner.com,(555) 123-0715,epic_member
TestUser716,Runner,test716@runner.com,(555) 123-0716,epic_member
TestUser717,Runner,test717@runner.com,(555) 123-0717,epic_member
TestUser718,Runner,test718@runner.com,(555) 123-0718,epic_member
TestUser719,Runner,test719@runner.com,(555) 123-0719,epic_member
TestUser720,Runner,test720@runner.com,(555) 123-0720,epic_member
TestUser721,Runner,test721@runner.com,(555) 123-0721,epic_member
TestUser722,Runner,test722@runner.com,(555) 123-0722,epic_member
TestUser723,Runner,test723@runner.com,(555) 123-0723,epic_member
TestUser724,Runner,test724@runner.com,(555) 123-0724,epic_member
TestUser725,Runner,test725@runner.com,(555) 123-0725,epic_member
TestUser726,Runner,test726@runner.com,(555) 123-0726,epic_member
TestUser727,Runner,test727@runner.com,(555) 123-0727,epic_member
TestUser728,Runner,test728@runner.com,(555) 123-0728,epic_member
TestUser729,Runner,test729@runner.com,(555) 123-0729,epic_member
TestUser730,Runner,test730@runner.com,(555) 123-0730,epic_member
TestUser731,Runner,test731@runner.com,(555) 123-0731,epic_member
TestUser732,Runner,test732@runner.com,(555) 123-0732,epic_member
TestUser733,Runner,test733@runner.com,(555) 123-0733,epic_member
TestUser734,Runner,test734@runner.com,(555) 123-0734,epic_member
TestUser735,Runner,test735@runner.com,(555) 123-0735,epic_member
TestUser736,Runner,test736@runner.com,(555) 123-0736,epic_member
TestUser737,Runner,test737@runner.com,(555) 123-0737,epic_member
TestUser738,Runner,test738@runner.com,(555) 123-0738,epic_member
TestUser739,Runner,test739@runner.com,(555) 123-0739,epic_member
TestUser740,Runner,test740@runner.com,(555) 123-0740,epic_member
TestUser741,Runner,test741@runner.com,(555) 123-0741,epic_member
TestUser742,Runner,test742@runner.com,(555) 123-0742,epic_member
TestUser743,Runner,test743@runner.com,(555) 123-0743,epic_member
TestUser744,Runner,test744@runner.com,(555) 123-0744,epic_member
TestUser745,Runner,test745@runner.com,(555) 123-0745,epic_member
TestUser746,Runner,test746@runner.com,(555) 123-0746,epic_member
TestUser747,Runner,test747@runner.com,(555) 123-0747,epic_member
TestUser748,Runner,test748@runner.com,(555) 123-0748,epic_member
TestUser749,Runner,test749@runner.com,(555) 123-0749,epic_member
TestUser750,Runner,test750@runner.com,(555) 123-0750,epic_member
TestUser751,Runner,test751@runner.com,(555) 123-0751,epic_member
TestUser752,Runner,test752@runner.com,(555) 123-0752,epic_member
TestUser753,Runner,test753@runner.com,(555) 123-0753,epic_member
TestUser754,Runner,test754@runner.com,(555) 123-0754,epic_member
TestUser755,Runner,test755@runner.com,(555) 123-0755,epic_member
TestUser756,Runner,test756@runner.com,(555) 123-0756,epic_member
TestUser757,Runner,test757@runner.com,(555) 123-0757,epic_member
TestUser758,Runner,test758@runner.com,(555) 123-0758,epic_member
TestUser759,Runner,test759@runner.com,(555) 123-0759,epic_member
TestUser760,Runner,test760@runner.com,(555) 123-0760,epic_member
TestUser761,Runner,test761@runner.com,(555) 123-0761,epic_member
TestUser762,Runner,test762@runner.com,(555) 123-0762,epic_member
TestUser763,Runner,test763@runner.com,(555) 123-0763,epic_member
TestUser764,Runner,test764@runner.com,(555) 123-0764,epic_member
TestUser765,Runner,test765@runner.com,(555) 123-0765,epic_member
TestUser766,Runner,test766@runner.com,(555) 123-0766,epic_member
TestUser767,Runner,test767@runner.com,(555) 123-0767,epic_member
TestUser768,Runner,test768@runner.com,(555) 123-0768,epic_member
TestUser769,Runner,test769@runner.com,(555) 123-0769,epic_member
TestUser770,Runner,test770@runner.com,(555) 123-0770,epic_member
TestUser771,Runner,test771@runner.com,(555) 123-0771,epic_member
TestUser772,Runner,test772@runner.com,(555) 123-0772,epic_member
TestUser773,Runner,test773@runner.com,(555) 123-0773,epic_member
TestUser774,Runner,test774@runner.com,(555) 123-0774,epic_member
TestUser775,Runner,test775@runner.com,(555) 123-0775,epic_member
TestUser776,Runner,test776@runner.com,(555) 123-0776,epic_member
TestUser777,Runner,test777@runner.com,(555) 123-0777,epic_member
TestUser778,Runner,test778@runner.com,(555) 123-0778,epic_member
TestUser779,Runner,test779@runner.com,(555) 123-0779,epic_member
TestUser780,Runner,test780@runner.com,(555) 123-0780,epic_member
TestUser781,Runner,test781@runner.com,(555) 123-0781,epic_member
TestUser782,Runner,test782@runner.com,(555) 123-0782,epic_member
TestUser783,Runner,test783@runner.com,(555) 123-0783,epic_member
TestUser784,Runner,test784@runner.com,(555) 123-0784,epic_member
TestUser785,Runner,test785@runner.com,(555) 123-0785,epic_member
TestUser786,Runner,test786@runner.com,(555) 123-0786,epic_member
TestUser787,Runner,test787@runner.com,(555) 123-0787,epic_member
TestUser788,Runner,test788@runner.com,(555) 123-0788,epic_member
TestUser789,Runner,test789@runner.com,(555) 123-0789,epic_member
TestUser790,Runner,test790@runner.com,(555) 123-0790,epic_member
TestUser791,Runner,test791@runner.com,(555) 123-0791,epic_member
TestUser792,Runner,test792@runner.com,(555) 123-0792,epic_member
TestUser793,Runner,test793@runner.com,(555) 123-0793,epic_member
TestUser794,Runner,test794@runner.com,(555) 123-0794,epic_member
TestUser795,Runner,test795@runner.com,(555) 123-0795,epic_member
TestUser796,Runner,test796@runner.com,(555) 123-0796,epic_member
TestUser797,Runner,test797@runner.com,(555) 123-0797,epic_member
TestUser798,Runner,test798@runner.com,(555) 123-0798,epic_member
TestUser799,Runner,test799@runner.com,(555) 123-0799,epic_member
TestUser800,Runner,test800@runner.com,(555) 123-0800,epic_member
TestUser801,Runner,test801@runner.com,(555) 123-0801,epic_member
TestUser802,Runner,test802@runner.com,(555) 123-0802,epic_member
TestUser803,Runner,test803@runner.com,(555) 123-0803,epic_member
TestUser804,Runner,test804@runner.com,(555) 123-0804,epic_member
TestUser805,Runner,test805@runner.com,(555) 123-0805,epic_member
TestUser806,Runner,test806@runner.com,(555) 123-0806,epic_member
TestUser807,Runner,test807@runner.com,(555) 123-0807,epic_member
TestUser808,Runner,test808@runner.com,(555) 123-0808,epic_member
TestUser809,Runner,test809@runner.com,(555) 123-0809,epic_member
TestUser810,Runner,test810@runner.com,(555) 123-0810,epic_member
TestUser811,Runner,test811@runner.com,(555) 123-0811,epic_member
TestUser812,Runner,test812@runner.com,(555) 123-0812,epic_member
TestUser813,Runner,test813@runner.com,(555) 123-0813,epic_member
TestUser814,Runner,test814@runner.com,(555) 123-0814,epic_member
TestUser815,Runner,test815@runner.com,(555) 123-0815,epic_member
TestUser816,Runner,test816@runner.com,(555) 123-0816,epic_member
TestUser817,Runner,test817@runner.com,(555) 123-0817,epic_member
TestUser818,Runner,test818@runner.com,(555) 123-0818,epic_member
TestUser819,Runner,test819@runner.com,(555) 123-0819,epic_member
TestUser820,Runner,test820@runner.com,(555) 123-0820,epic_member
TestUser821,Runner,test821@runner.com,(555) 123-0821,epic_member
TestUser822,Runner,test822@runner.com,(555) 123-0822,epic_member
TestUser823,Runner,test823@runner.com,(555) 123-0823,epic_member
TestUser824,Runner,test824@runner.com,(555) 123-0824,epic_member
TestUser825,Runner,test825@runner.com,(555) 123-0825,epic_member
TestUser826,Runner,test826@runner.com,(555) 123-0826,epic_member
TestUser827,Runner,test827@runner.com,(555) 123-0827,epic_member
TestUser828,Runner,test828@runner.com,(555) 123-0828,epic_member
TestUser829,Runner,test829@runner.com,(555) 123-0829,epic_member
TestUser830,Runner,test830@runner.com,(555) 123-0830,epic_member
TestUser831,Runner,test831@runner.com,(555) 123-0831,epic_member
TestUser832,Runner,test832@runner.com,(555) 123-0832,epic_member
TestUser833,Runner,test833@runner.com,(555) 123-0833,epic_member
TestUser834,Runner,test834@runner.com,(555) 123-0834,epic_member
TestUser835,Runner,test835@runner.com,(555) 123-0835,epic_member
TestUser836,Runner,test836@runner.com,(555) 123-0836,epic_member
TestUser837,Runner,test837@runner.com,(555) 123-0837,epic_member
TestUser838,Runner,test838@runner.com,(555) 123-0838,epic_member
TestUser839,Runner,test839@runner.com,(555) 123-0839,epic_member
TestUser840,Runner,test840@runner.com,(555) 123-0840,epic_member
TestUser841,Runner,test841@runner.com,(555) 123-0841,epic_member
TestUser842,Runner,test842@runner.com,(555) 123-0842,epic_member
TestUser843,Runner,test843@runner.com,(555) 123-0843,epic_member
TestUser844,Runner,test844@runner.com,(555) 123-0844,epic_member
TestUser845,Runner,test845@runner.com,(555) 123-0845,epic_member
TestUser846,Runner,test846@runner.com,(555) 123-0846,epic_member
TestUser847,Runner,test847@runner.com,(555) 123-0847,epic_member
TestUser848,Runner,test848@runner.com,(555) 123-0848,epic_member
TestUser849,Runner,test849@runner.com,(555) 123-0849,epic_member
TestUser850,Runner,test850@runner.com,(555) 123-0850,epic_member
TestUser851,Runner,test851@runner.com,(555) 123-0851,epic_member
TestUser852,Runner,test852@runner.com,(555) 123-0852,epic_member
TestUser853,Runner,test853@runner.com,(555) 123-0853,epic_member
TestUser854,Runner,test854@runner.com,(555) 123-0854,epic_member
TestUser855,Runner,test855@runner.com,(555) 123-0855,epic_member
TestUser856,Runner,test856@runner.com,(555) 123-0856,epic_member
TestUser857,Runner,test857@runner.com,(555) 123-0857,epic_member
TestUser858,Runner,test858@runner.com,(555) 123-0858,epic_member
TestUser859,Runner,test859@runner.com,(555) 123-0859,epic_member
TestUser860,Runner,test860@runner.com,(555) 123-0860,epic_member
TestUser861,Runner,test861@runner.com,(555) 123-0861,epic_member
TestUser862,Runner,test862@runner.com,(555) 123-0862,epic_member
TestUser863,Runner,test863@runner.com,(555) 123-0863,epic_member
TestUser864,Runner,test864@runner.com,(555) 123-0864,epic_member
TestUser865,Runner,test865@runner.com,(555) 123-0865,epic_member
TestUser866,Runner,test866@runner.com,(555) 123-0866,epic_member
TestUser867,Runner,test867@runner.com,(555) 123-0867,epic_member
TestUser868,Runner,test868@runner.com,(555) 123-0868,epic_member
TestUser869,Runner,test869@runner.com,(555) 123-0869,epic_member
TestUser870,Runner,test870@runner.com,(555) 123-0870,epic_member
TestUser871,Runner,test871@runner.com,(555) 123-0871,epic_member
TestUser872,Runner,test872@runner.com,(555) 123-0872,epic_member
TestUser873,Runner,test873@runner.com,(555) 123-0873,epic_member
TestUser874,Runner,test874@runner.com,(555) 123-0874,epic_member
TestUser875,Runner,test875@runner.com,(555) 123-0875,epic_member
TestUser876,Runner,test876@runner.com,(555) 123-0876,epic_member
TestUser877,Runner,test877@runner.com,(555) 123-0877,epic_member
TestUser878,Runner,test878@runner.com,(555) 123-0878,epic_member
TestUser879,Runner,test879@runner.com,(555) 123-0879,epic_member
TestUser880,Runner,test880@runner.com,(555) 123-0880,epic_member
TestUser881,Runner,test881@runner.com,(555) 123-0881,epic_member
TestUser882,Runner,test882@runner.com,(555) 123-0882,epic_member
TestUser883,Runner,test883@runner.com,(555) 123-0883,epic_member
TestUser884,Runner,test884@runner.com,(555) 123-0884,epic_member
TestUser885,Runner,test885@runner.com,(555) 123-0885,epic_member
TestUser886,Runner,test886@runner.com,(555) 123-0886,epic_member
TestUser887,Runner,test887@runner.com,(555) 123-0887,epic_member
TestUser888,Runner,test888@runner.com,(555) 123-0888,epic_member
TestUser889,Runner,test889@runner.com,(555) 123-0889,epic_member
TestUser890,Runner,test890@runner.com,(555) 123-0890,epic_member
TestUser891,Runner,test891@runner.com,(555) 123-0891,epic_member
TestUser892,Runner,test892@runner.com,(555) 123-0892,epic_member
TestUser893,Runner,test893@runner.com,(555) 123-0893,epic_member
TestUser894,Runner,test894@runner.com,(555) 123-0894,epic_member
TestUser895,Runner,test895@runner.com,(555) 123-0895,epic_member
TestUser896,Runner,test896@runner.com,(555) 123-0896,epic_member
TestUser897,Runner,test897@runner.com,(555) 123-0897,epic_member
TestUser898,Runner,test898@runner.com,(555) 123-0898,epic_member
TestUser899,Runner,test899@runner.com,(555) 123-0899,epic_member
TestUser900,Runner,test900@runner.com,(555) 123-0900,epic_member
TestUser901,Runner,test901@runner.com,(555) 123-0901,epic_member
TestUser902,Runner,test902@runner.com,(555) 123-0902,epic_member
TestUser903,Runner,test903@runner.com,(555) 123-0903,epic_member
TestUser904,Runner,test904@runner.com,(555) 123-0904,epic_member
TestUser905,Runner,test905@runner.com,(555) 123-0905,epic_member
TestUser906,Runner,test906@runner.com,(555) 123-0906,epic_member
TestUser907,Runner,test907@runner.com,(555) 123-0907,epic_member
TestUser908,Runner,test908@runner.com,(555) 123-0908,epic_member
TestUser909,Runner,test909@runner.com,(555) 123-0909,epic_member
TestUser910,Runner,test910@runner.com,(555) 123-0910,epic_member
TestUser911,Runner,test911@runner.com,(555) 123-0911,epic_member
TestUser912,Runner,test912@runner.com,(555) 123-0912,epic_member
TestUser913,Runner,test913@runner.com,(555) 123-0913,epic_member
TestUser914,Runner,test914@runner.com,(555) 123-0914,epic_member
TestUser915,Runner,test915@runner.com,(555) 123-0915,epic_member
TestUser916,Runner,test916@runner.com,(555) 123-0916,epic_member
TestUser917,Runner,test917@runner.com,(555) 123-0917,epic_member
TestUser918,Runner,test918@runner.com,(555) 123-0918,epic_member
TestUser919,Runner,test919@runner.com,(555) 123-0919,epic_member
TestUser920,Runner,test920@runner.com,(555) 123-0920,epic_member
TestUser921,Runner,test921@runner.com,(555) 123-0921,epic_member
TestUser922,Runner,test922@runner.com,(555) 123-0922,epic_member
TestUser923,Runner,test923@runner.com,(555) 123-0923,epic_member
TestUser924,Runner,test924@runner.com,(555) 123-0924,epic_member
TestUser925,Runner,test925@runner.com,(555) 123-0925,epic_member
TestUser926,Runner,test926@runner.com,(555) 123-0926,epic_member
TestUser927,Runner,test927@runner.com,(555) 123-0927,epic_member
TestUser928,Runner,test928@runner.com,(555) 123-0928,epic_member
TestUser929,Runner,test929@runner.com,(555) 123-0929,epic_member
TestUser930,Runner,test930@runner.com,(555) 123-0930,epic_member
TestUser931,Runner,test931@runner.com,(555) 123-0931,epic_member
TestUser932,Runner,test932@runner.com,(555) 123-0932,epic_member
TestUser933,Runner,test933@runner.com,(555) 123-0933,epic_member
TestUser934,Runner,test934@runner.com,(555) 123-0934,epic_member
TestUser935,Runner,test935@runner.com,(555) 123-0935,epic_member
TestUser936,Runner,test936@runner.com,(555) 123-0936,epic_member
TestUser937,Runner,test937@runner.com,(555) 123-0937,epic_member
TestUser938,Runner,test938@runner.com,(555) 123-0938,epic_member
TestUser939,Runner,test939@runner.com,(555) 123-0939,epic_member
TestUser940,Runner,test940@runner.com,(555) 123-0940,epic_member
TestUser941,Runner,test941@runner.com,(555) 123-0941,epic_member
TestUser942,Runner,test942@runner.com,(555) 123-0942,epic_member
TestUser943,Runner,test943@runner.com,(555) 123-0943,epic_member
TestUser944,Runner,test944@runner.com,(555) 123-0944,epic_member
TestUser945,Runner,test945@runner.com,(555) 123-0945,epic_member
TestUser946,Runner,test946@runner.com,(555) 123-0946,epic_member
TestUser947,Runner,test947@runner.com,(555) 123-0947,epic_member
TestUser948,Runner,test948@runner.com,(555) 123-0948,epic_member
TestUser949,Runner,test949@runner.com,(555) 123-0949,epic_member
TestUser950,Runner,test950@runner.com,(555) 123-0950,epic_member
TestUser951,Runner,test951@runner.com,(555) 123-0951,epic_member
TestUser952,Runner,test952@runner.com,(555) 123-0952,epic_member
TestUser953,Runner,test953@runner.com,(555) 123-0953,epic_member
TestUser954,Runner,test954@runner.com,(555) 123-0954,epic_member
TestUser955,Runner,test955@runner.com,(555) 123-0955,epic_member
TestUser956,Runner,test956@runner.com,(555) 123-0956,epic_member
TestUser957,Runner,test957@runner.com,(555) 123-0957,epic_member
TestUser958,Runner,test958@runner.com,(555) 123-0958,epic_member
TestUser959,Runner,test959@runner.com,(555) 123-0959,epic_member
TestUser960,Runner,test960@runner.com,(555) 123-0960,epic_member
TestUser961,Runner,test961@runner.com,(555) 123-0961,epic_member
TestUser962,Runner,test962@runner.com,(555) 123-0962,epic_member
TestUser963,Runner,test963@runner.com,(555) 123-0963,epic_member
TestUser964,Runner,test964@runner.com,(555) 123-0964,epic_member
TestUser965,Runner,test965@runner.com,(555) 123-0965,epic_member
TestUser966,Runner,test966@runner.com,(555) 123-0966,epic_member
TestUser967,Runner,test967@runner.com,(555) 123-0967,epic_member
TestUser968,Runner,test968@runner.com,(555) 123-0968,epic_member
TestUser969,Runner,test969@runner.com,(555) 123-0969,epic_member
TestUser970,Runner,test970@runner.com,(555) 123-0970,epic_member
TestUser971,Runner,test971@runner.com,(555) 123-0971,epic_member
TestUser972,Runner,test972@runner.com,(555) 123-0972,epic_member
TestUser973,Runner,test973@runner.com,(555) 123-0973,epic_member
TestUser974,Runner,test974@runner.com,(555) 123-0974,epic_member
TestUser975,Runner,test975@runner.com,(555) 123-0975,epic_member
TestUser976,Runner,test976@runner.com,(555) 123-0976,epic_member
TestUser977,Runner,test977@runner.com,(555) 123-0977,epic_member
TestUser978,Runner,test978@runner.com,(555) 123-0978,epic_member
TestUser979,Runner,test979@runner.com,(555) 123-0979,epic_member
TestUser980,Runner,test980@runner.com,(555) 123-0980,epic_member
TestUser981,Runner,test981@runner.com,(555) 123-0981,epic_member
TestUser982,Runner,test982@runner.com,(555) 123-0982,epic_member
TestUser983,Runner,test983@runner.com,(555) 123-0983,epic_member
TestUser984,Runner,test984@runner.com,(555) 123-0984,epic_member
TestUser985,Runner,test985@runner.com,(555) 123-0985,epic_member
TestUser986,Runner,test986@runner.com,(555) 123-0986,epic_member
TestUser987,Runner,test987@runner.com,(555) 123-0987,epic_member
TestUser988,Runner,test988@runner.com,(555) 123-0988,epic_member
TestUser989,Runner,test989@runner.com,(555) 123-0989,epic_member
TestUser990,Runner,test990@runner.com,(555) 123-0990,epic_member
TestUser991,Runner,test991@runner.com,(555) 123-0991,epic_member
TestUser992,Runner,test992@runner.com,(555) 123-0992,epic_member
TestUser993,Runner,test993@runner.com,(555) 123-0993,epic_member
TestUser994,Runner,test994@runner.com,(555) 123-0994,epic_member
TestUser995,Runner,test995@runner.com,(555) 123-0995,epic_member
TestUser996,Runner,test996@runner.com,(555) 123-0996,epic_member
TestUser997,Runner,test997@runner.com,(555) 123-0997,epic_member
TestUser998,Runner,test998@runner.com,(555) 123-0998,epic_member
TestUser999,Runner,test999@runner.com,(555) 123-0999,epic_member
TestUser1000,Runner,test1000@runner.com,(555) 123-1000,epic_member
TestUser1001,Runner,test1001@runner.com,(555) 123-1001,epic_member
TestUser1002,Runner,test1002@runner.com,(555) 123-1002,epic_member
TestUser1003,Runner,test1003@runner.com,(555) 123-1003,epic_member
TestUser1004,Runner,test1004@runner.com,(555) 123-1004,epic_member
TestUser1005,Runner,test1005@runner.com,(555) 123-1005,epic_member
TestUser1006,Runner,test1006@runner.com,(555) 123-1006,epic_member
TestUser1007,Runner,test1007@runner.com,(555) 123-1007,epic_member
TestUser1008,Runner,test1008@runner.com,(555) 123-1008,epic_member
TestUser1009,Runner,test1009@runner.com,(555) 123-1009,epic_member
TestUser1010,Runner,test1010@runner.com,(555) 123-1010,epic_member
TestUser1011,Runner,test1011@runner.com,(555) 123-1011,epic_member
TestUser1012,Runner,test1012@runner.com,(555) 123-1012,epic_member
TestUser1013,Runner,test1013@runner.com,(555) 123-1013,epic_member
TestUser1014,Runner,test1014@runner.com,(555) 123-1014,epic_member
TestUser1015,Runner,test1015@runner.com,(555) 123-1015,epic_member
TestUser1016,Runner,test1016@runner.com,(555) 123-1016,epic_member
TestUser1017,Runner,test1017@runner.com,(555) 123-1017,epic_member
TestUser1018,Runner,test1018@runner.com,(555) 123-1018,epic_member
TestUser1019,Runner,test1019@runner.com,(555) 123-1019,epic_member
TestUser1020,Runner,test1020@runner.com,(555) 123-1020,epic_member
TestUser1021,Runner,test1021@runner.com,(555) 123-1021,epic_member
TestUser1022,Runner,test1022@runner.com,(555) 123-1022,epic_member
TestUser1023,Runner,test1023@runner.com,(555) 123-1023,epic_member
TestUser1024,Runner,test1024@runner.com,(555) 123-1024,epic_member
TestUser1025,Runner,test1025@runner.com,(555) 123-1025,epic_member
TestUser1026,Runner,test1026@runner.com,(555) 123-1026,epic_member
TestUser1027,Runner,test1027@runner.com,(555) 123-1027,epic_member
TestUser1028,Runner,test1028@runner.com,(555) 123-1028,epic_member
TestUser1029,Runner,test1029@runner.com,(555) 123-1029,epic_member
TestUser1030,Runner,test1030@runner.com,(555) 123-1030,epic_member
TestUser1031,Runner,test1031@runner.com,(555) 123-1031,epic_member
TestUser1032,Runner,test1032@runner.com,(555) 123-1032,epic_member
TestUser1033,Runner,test1033@runner.com,(555) 123-1033,epic_member
TestUser1034,Runner,test1034@runner.com,(555) 123-1034,epic_member
TestUser1035,Runner,test1035@runner.com,(555) 123-1035,epic_member
TestUser1036,Runner,test1036@runner.com,(555) 123-1036,epic_member
TestUser1037,Runner,test1037@runner.com,(555) 123-1037,epic_member
TestUser1038,Runner,test1038@runner.com,(555) 123-1038,epic_member
TestUser1039,Runner,test1039@runner.com,(555) 123-1039,epic_member
TestUser1040,Runner,test1040@runner.com,(555) 123-1040,epic_member
TestUser1041,Runner,test1041@runner.com,(555) 123-1041,epic_member
TestUser1042,Runner,test1042@runner.com,(555) 123-1042,epic_member
TestUser1043,Runner,test1043@runner.com,(555) 123-1043,epic_member
TestUser1044,Runner,test1044@runner.com,(555) 123-1044,epic_member
TestUser1045,Runner,test1045@runner.com,(555) 123-1045,epic_member
TestUser1046,Runner,test1046@runner.com,(555) 123-1046,epic_member
TestUser1047,Runner,test1047@runner.com,(555) 123-1047,epic_member
TestUser1048,Runner,test1048@runner.com,(555) 123-1048,epic_member
TestUser1049,Runner,test1049@runner.com,(555) 123-1049,epic_member
TestUser1050,Runner,test1050@runner.com,(555) 123-1050,epic_member
TestUser1051,Runner,test1051@runner.com,(555) 123-1051,epic_member
TestUser1052,Runner,test1052@runner.com,(555) 123-1052,epic_member
TestUser1053,Runner,test1053@runner.com,(555) 123-1053,epic_member
TestUser1054,Runner,test1054@runner.com,(555) 123-1054,epic_member
TestUser1055,Runner,test1055@runner.com,(555) 123-1055,epic_member
TestUser1056,Runner,test1056@runner.com,(555) 123-1056,epic_member
TestUser1057,Runner,test1057@runner.com,(555) 123-1057,epic_member
TestUser1058,Runner,test1058@runner.com,(555) 123-1058,epic_member
TestUser1059,Runner,test1059@runner.com,(555) 123-1059,epic_member
TestUser1060,Runner,test1060@runner.com,(555) 123-1060,epic_member
TestUser1061,Runner,test1061@runner.com,(555) 123-1061,epic_member
TestUser1062,Runner,test1062@runner.com,(555) 123-1062,epic_member
TestUser1063,Runner,test1063@runner.com,(555) 123-1063,epic_member
TestUser1064,Runner,test1064@runner.com,(555) 123-1064,epic_member
TestUser1065,Runner,test1065@runner.com,(555) 123-1065,epic_member
TestUser1066,Runner,test1066@runner.com,(555) 123-1066,epic_member
TestUser1067,Runner,test1067@runner.com,(555) 123-1067,epic_member
TestUser1068,Runner,test1068@runner.com,(555) 123-1068,epic_member
TestUser1069,Runner,test1069@runner.com,(555) 123-1069,epic_member
TestUser1070,Runner,test1070@runner.com,(555) 123-1070,epic_member
TestUser1071,Runner,test1071@runner.com,(555) 123-1071,epic_member
TestUser1072,Runner,test1072@runner.com,(555) 123-1072,epic_member
TestUser1073,Runner,test1073@runner.com,(555) 123-1073,epic_member
TestUser1074,Runner,test1074@runner.com,(555) 123-1074,epic_member
TestUser1075,Runner,test1075@runner.com,(555) 123-1075,epic_member
TestUser1076,Runner,test1076@runner.com,(555) 123-1076,epic_member
TestUser1077,Runner,test1077@runner.com,(555) 123-1077,epic_member
TestUser1078,Runner,test1078@runner.com,(555) 123-1078,epic_member
TestUser1079,Runner,test1079@runner.com,(555) 123-1079,epic_member
TestUser1080,Runner,test1080@runner.com,(555) 123-1080,epic_member
TestUser1081,Runner,test1081@runner.com,(555) 123-1081,epic_member
TestUser1082,Runner,test1082@runner.com,(555) 123-1082,epic_member
TestUser1083,Runner,test1083@runner.com,(555) 123-1083,epic_member
TestUser1084,Runner,test1084@runner.com,(555) 123-1084,epic_member
TestUser1085,Runner,test1085@runner.com,(555) 123-1085,epic_member
TestUser1086,Runner,test1086@runner.com,(555) 123-1086,epic_member
TestUser1087,Runner,test1087@runner.com,(555) 123-1087,epic_member
TestUser1088,Runner,test1088@runner.com,(555) 123-1088,epic_member
TestUser1089,Runner,test1089@runner.com,(555) 123-1089,epic_member
TestUser1090,Runner,test1090@runner.com,(555) 123-1090,epic_member
TestUser1091,Runner,test1091@runner.com,(555) 123-1091,epic_member
TestUser1092,Runner,test1092@runner.com,(555) 123-1092,epic_member
TestUser1093,Runner,test1093@runner.com,(555) 123-1093,epic_member
TestUser1094,Runner,test1094@runner.com,(555) 123-1094,epic_member
TestUser1095,Runner,test1095@runner.com,(555) 123-1095,epic_member
TestUser1096,Runner,test1096@runner.com,(555) 123-1096,epic_member
TestUser1097,Runner,test1097@runner.com,(555) 123-1097,epic_member
TestUser1098,Runner,test1098@runner.com,(555) 123-1098,epic_member
TestUser1099,Runner,test1099@runner.com,(555) 123-1099,epic_member
TestUser1100,Runner,test1100@runner.com,(555) 123-1100,epic_member
TestUser1101,Runner,test1101@runner.com,(555) 123-1101,epic_member
TestUser1102,Runner,test1102@runner.com,(555) 123-1102,epic_member
TestUser1103,Runner,test1103@runner.com,(555) 123-1103,epic_member
TestUser1104,Runner,test1104@runner.com,(555) 123-1104,epic_member
TestUser1105,Runner,test1105@runner.com,(555) 123-1105,epic_member
TestUser1106,Runner,test1106@runner.com,(555) 123-1106,epic_member
TestUser1107,Runner,test1107@runner.com,(555) 123-1107,epic_member
TestUser1108,Runner,test1108@runner.com,(555) 123-1108,epic_member
TestUser1109,Runner,test1109@runner.com,(555) 123-1109,epic_member
TestUser1110,Runner,test1110@runner.com,(555) 123-1110,epic_member
TestUser1111,Runner,test1111@runner.com,(555) 123-1111,epic_member
TestUser1112,Runner,test1112@runner.com,(555) 123-1112,epic_member
TestUser1113,Runner,test1113@runner.com,(555) 123-1113,epic_member
TestUser1114,Runner,test1114@runner.com,(555) 123-1114,epic_member
TestUser1115,Runner,test1115@runner.com,(555) 123-1115,epic_member
TestUser1116,Runner,test1116@runner.com,(555) 123-1116,epic_member
TestUser1117,Runner,test1117@runner.com,(555) 123-1117,epic_member
TestUser1118,Runner,test1118@runner.com,(555) 123-1118,epic_member
TestUser1119,Runner,test1119@runner.com,(555) 123-1119,epic_member
TestUser1120,Runner,test1120@runner.com,(555) 123-1120,epic_member
TestUser1121,Runner,test1121@runner.com,(555) 123-1121,epic_member
TestUser1122,Runner,test1122@runner.com,(555) 123-1122,epic_member
TestUser1123,Runner,test1123@runner.com,(555) 123-1123,epic_member
TestUser1124,Runner,test1124@runner.com,(555) 123-1124,epic_member
TestUser1125,Runner,test1125@runner.com,(555) 123-1125,epic_member
TestUser1126,Runner,test1126@runner.com,(555) 123-1126,epic_member
TestUser1127,Runner,test1127@runner.com,(555) 123-1127,epic_member
TestUser1128,Runner,test1128@runner.com,(555) 123-1128,epic_member
TestUser1129,Runner,test1129@runner.com,(555) 123-1129,epic_member
TestUser1130,Runner,test1130@runner.com,(555) 123-1130,epic_member
TestUser1131,Runner,test1131@runner.com,(555) 123-1131,epic_member
TestUser1132,Runner,test1132@runner.com,(555) 123-1132,epic_member
TestUser1133,Runner,test1133@runner.com,(555) 123-1133,epic_member
TestUser1134,Runner,test1134@runner.com,(555) 123-1134,epic_member
TestUser1135,Runner,test1135@runner.com,(555) 123-1135,epic_member
TestUser1136,Runner,test1136@runner.com,(555) 123-1136,epic_member
TestUser1137,Runner,test1137@runner.com,(555) 123-1137,epic_member
TestUser1138,Runner,test1138@runner.com,(555) 123-1138,epic_member
TestUser1139,Runner,test1139@runner.com,(555) 123-1139,epic_member
TestUser1140,Runner,test1140@runner.com,(555) 123-1140,epic_member
TestUser1141,Runner,test1141@runner.com,(555) 123-1141,epic_member
TestUser1142,Runner,test1142@runner.com,(555) 123-1142,epic_member
TestUser1143,Runner,test1143@runner.com,(555) 123-1143,epic_member
TestUser1144,Runner,test1144@runner.com,(555) 123-1144,epic_member
TestUser1145,Runner,test1145@runner.com,(555) 123-1145,epic_member
TestUser1146,Runner,test1146@runner.com,(555) 123-1146,epic_member
TestUser1147,Runner,test1147@runner.com,(555) 123-1147,epic_member
TestUser1148,Runner,test1148@runner.com,(555) 123-1148,epic_member
TestUser1149,Runner,test1149@runner.com,(555) 123-1149,epic_member
TestUser1150,Runner,test1150@runner.com,(555) 123-1150,epic_member
TestUser1151,Runner,test1151@runner.com,(555) 123-1151,epic_member
TestUser1152,Runner,test1152@runner.com,(555) 123-1152,epic_member
TestUser1153,Runner,test1153@runner.com,(555) 123-1153,epic_member
TestUser1154,Runner,test1154@runner.com,(555) 123-1154,epic_member
TestUser1155,Runner,test1155@runner.com,(555) 123-1155,epic_member
TestUser1156,Runner,test1156@runner.com,(555) 123-1156,epic_member
TestUser1157,Runner,test1157@runner.com,(555) 123-1157,epic_member
TestUser1158,Runner,test1158@runner.com,(555) 123-1158,epic_member
TestUser1159,Runner,test1159@runner.com,(555) 123-1159,epic_member
TestUser1160,Runner,test1160@runner.com,(555) 123-1160,epic_member
TestUser1161,Runner,test1161@runner.com,(555) 123-1161,epic_member
TestUser1162,Runner,test1162@runner.com,(555) 123-1162,epic_member
TestUser1163,Runner,test1163@runner.com,(555) 123-1163,epic_member
TestUser1164,Runner,test1164@runner.com,(555) 123-1164,epic_member
TestUser1165,Runner,test1165@runner.com,(555) 123-1165,epic_member
TestUser1166,Runner,test1166@runner.com,(555) 123-1166,epic_member
TestUser1167,Runner,test1167@runner.com,(555) 123-1167,epic_member
TestUser1168,Runner,test1168@runner.com,(555) 123-1168,epic_member
TestUser1169,Runner,test1169@runner.com,(555) 123-1169,epic_member
TestUser1170,Runner,test1170@runner.com,(555) 123-1170,epic_member
TestUser1171,Runner,test1171@runner.com,(555) 123-1171,epic_member
TestUser1172,Runner,test1172@runner.com,(555) 123-1172,epic_member
TestUser1173,Runner,test1173@runner.com,(555) 123-1173,epic_member
TestUser1174,Runner,test1174@runner.com,(555) 123-1174,epic_member
TestUser1175,Runner,test1175@runner.com,(555) 123-1175,epic_member
TestUser1176,Runner,test1176@runner.com,(555) 123-1176,epic_member
TestUser1177,Runner,test1177@runner.com,(555) 123-1177,epic_member
TestUser1178,Runner,test1178@runner.com,(555) 123-1178,epic_member
TestUser1179,Runner,test1179@runner.com,(555) 123-1179,epic_member
TestUser1180,Runner,test1180@runner.com,(555) 123-1180,epic_member
TestUser1181,Runner,test1181@runner.com,(555) 123-1181,epic_member
TestUser1182,Runner,test1182@runner.com,(555) 123-1182,epic_member
TestUser1183,Runner,test1183@runner.com,(555) 123-1183,epic_member
TestUser1184,Runner,test1184@runner.com,(555) 123-1184,epic_member
TestUser1185,Runner,test1185@runner.com,(555) 123-1185,epic_member
TestUser1186,Runner,test1186@runner.com,(555) 123-1186,epic_member
TestUser1187,Runner,test1187@runner.com,(555) 123-1187,epic_member
TestUser1188,Runner,test1188@runner.com,(555) 123-1188,epic_member
TestUser1189,Runner,test1189@runner.com,(555) 123-1189,epic_member
TestUser1190,Runner,test1190@runner.com,(555) 123-1190,epic_member
TestUser1191,Runner,test1191@runner.com,(555) 123-1191,epic_member
TestUser1192,Runner,test1192@runner.com,(555) 123-1192,epic_member
TestUser1193,Runner,test1193@runner.com,(555) 123-1193,epic_member
TestUser1194,Runner,test1194@runner.com,(555) 123-1194,epic_member
TestUser1195,Runner,test1195@runner.com,(555) 123-1195,epic_member
TestUser1196,Runner,test1196@runner.com,(555) 123-1196,epic_member
TestUser1197,Runner,test1197@runner.com,(555) 123-1197,epic_member
TestUser1198,Runner,test1198@runner.com,(555) 123-1198,epic_member
TestUser1199,Runner,test1199@runner.com,(555) 123-1199,epic_member
TestUser1200,Runner,test1200@runner.com,(555) 123-1200,epic_member
TestUser1201,Runner,test1201@runner.com,(555) 123-1201,epic_member
TestUser1202,Runner,test1202@runner.com,(555) 123-1202,epic_member
TestUser1203,Runner,test1203@runner.com,(555) 123-1203,epic_member
TestUser1204,Runner,test1204@runner.com,(555) 123-1204,epic_member
TestUser1205,Runner,test1205@runner.com,(555) 123-1205,epic_member
TestUser1206,Runner,test1206@runner.com,(555) 123-1206,epic_member
TestUser1207,Runner,test1207@runner.com,(555) 123-1207,epic_member
TestUser1208,Runner,test1208@runner.com,(555) 123-1208,epic_member
TestUser1209,Runner,test1209@runner.com,(555) 123-1209,epic_member
TestUser1210,Runner,test1210@runner.com,(555) 123-1210,epic_member
TestUser1211,Runner,test1211@runner.com,(555) 123-1211,epic_member
TestUser1212,Runner,test1212@runner.com,(555) 123-1212,epic_member
TestUser1213,Runner,test1213@runner.com,(555) 123-1213,epic_member
TestUser1214,Runner,test1214@runner.com,(555) 123-1214,epic_member
TestUser1215,Runner,test1215@runner.com,(555) 123-1215,epic_member
TestUser1216,Runner,test1216@runner.com,(555) 123-1216,epic_member
TestUser1217,Runner,test1217@runner.com,(555) 123-1217,epic_member
TestUser1218,Runner,test1218@runner.com,(555) 123-1218,epic_member
TestUser1219,Runner,test1219@runner.com,(555) 123-1219,epic_member
TestUser1220,Runner,test1220@runner.com,(555) 123-1220,epic_member
TestUser1221,Runner,test1221@runner.com,(555) 123-1221,epic_member
TestUser1222,Runner,test1222@runner.com,(555) 123-1222,epic_member
TestUser1223,Runner,test1223@runner.com,(555) 123-1223,epic_member
TestUser1224,Runner,test1224@runner.com,(555) 123-1224,epic_member
TestUser1225,Runner,test1225@runner.com,(555) 123-1225,epic_member
TestUser1226,Runner,test1226@runner.com,(555) 123-1226,epic_member
TestUser1227,Runner,test1227@runner.com,(555) 123-1227,epic_member
TestUser1228,Runner,test1228@runner.com,(555) 123-1228,epic_member
TestUser1229,Runner,test1229@runner.com,(555) 123-1229,epic_member
TestUser1230,Runner,test1230@runner.com,(555) 123-1230,epic_member
TestUser1231,Runner,test1231@runner.com,(555) 123-1231,epic_member
TestUser1232,Runner,test1232@runner.com,(555) 123-1232,epic_member
TestUser1233,Runner,test1233@runner.com,(555) 123-1233,epic_member
TestUser1234,Runner,test1234@runner.com,(555) 123-1234,epic_member
TestUser1235,Runner,test1235@runner.com,(555) 123-1235,epic_member
TestUser1236,Runner,test1236@runner.com,(555) 123-1236,epic_member
TestUser1237,Runner,test1237@runner.com,(555) 123-1237,epic_member
TestUser1238,Runner,test1238@runner.com,(555) 123-1238,epic_member
TestUser1239,Runner,test1239@runner.com,(555) 123-1239,epic_member
TestUser1240,Runner,test1240@runner.com,(555) 123-1240,epic_member
TestUser1241,Runner,test1241@runner.com,(555) 123-1241,epic_member
TestUser1242,Runner,test1242@runner.com,(555) 123-1242,epic_member
TestUser1243,Runner,test1243@runner.com,(555) 123-1243,epic_member
TestUser1244,Runner,test1244@runner.com,(555) 123-1244,epic_member
TestUser1245,Runner,test1245@runner.com,(555) 123-1245,epic_member
TestUser1246,Runner,test1246@runner.com,(555) 123-1246,epic_member
TestUser1247,Runner,test1247@runner.com,(555) 123-1247,epic_member
TestUser1248,Runner,test1248@runner.com,(555) 123-1248,epic_member
TestUser1249,Runner,test1249@runner.com,(555) 123-1249,epic_member
TestUser1250,Runner,test1250@runner.com,(555) 123-1250,epic_member
TestUser1251,Runner,test1251@runner.com,(555) 123-1251,epic_member
TestUser1252,Runner,test1252@runner.com,(555) 123-1252,epic_member
TestUser1253,Runner,test1253@runner.com,(555) 123-1253,epic_member
TestUser1254,Runner,test1254@runner.com,(555) 123-1254,epic_member
TestUser1255,Runner,test1255@runner.com,(555) 123-1255,epic_member
TestUser1256,Runner,test1256@runner.com,(555) 123-1256,epic_member
TestUser1257,Runner,test1257@runner.com,(555) 123-1257,epic_member
TestUser1258,Runner,test1258@runner.com,(555) 123-1258,epic_member
TestUser1259,Runner,test1259@runner.com,(555) 123-1259,epic_member
TestUser1260,Runner,test1260@runner.com,(555) 123-1260,epic_member
TestUser1261,Runner,test1261@runner.com,(555) 123-1261,epic_member
TestUser1262,Runner,test1262@runner.com,(555) 123-1262,epic_member
TestUser1263,Runner,test1263@runner.com,(555) 123-1263,epic_member
TestUser1264,Runner,test1264@runner.com,(555) 123-1264,epic_member
TestUser1265,Runner,test1265@runner.com,(555) 123-1265,epic_member
TestUser1266,Runner,test1266@runner.com,(555) 123-1266,epic_member
TestUser1267,Runner,test1267@runner.com,(555) 123-1267,epic_member
TestUser1268,Runner,test1268@runner.com,(555) 123-1268,epic_member
TestUser1269,Runner,test1269@runner.com,(555) 123-1269,epic_member
TestUser1270,Runner,test1270@runner.com,(555) 123-1270,epic_member
TestUser1271,Runner,test1271@runner.com,(555) 123-1271,epic_member
TestUser1272,Runner,test1272@runner.com,(555) 123-1272,epic_member
TestUser1273,Runner,test1273@runner.com,(555) 123-1273,epic_member
TestUser1274,Runner,test1274@runner.com,(555) 123-1274,epic_member
TestUser1275,Runner,test1275@runner.com,(555) 123-1275,epic_member
TestUser1276,Runner,test1276@runner.com,(555) 123-1276,epic_member
TestUser1277,Runner,test1277@runner.com,(555) 123-1277,epic_member
TestUser1278,Runner,test1278@runner.com,(555) 123-1278,epic_member
TestUser1279,Runner,test1279@runner.com,(555) 123-1279,epic_member
TestUser1280,Runner,test1280@runner.com,(555) 123-1280,epic_member
TestUser1281,Runner,test1281@runner.com,(555) 123-1281,epic_member
TestUser1282,Runner,test1282@runner.com,(555) 123-1282,epic_member
TestUser1283,Runner,test1283@runner.com,(555) 123-1283,epic_member
TestUser1284,Runner,test1284@runner.com,(555) 123-1284,epic_member
TestUser1285,Runner,test1285@runner.com,(555) 123-1285,epic_member
TestUser1286,Runner,test1286@runner.com,(555) 123-1286,epic_member
TestUser1287,Runner,test1287@runner.com,(555) 123-1287,epic_member
TestUser1288,Runner,test1288@runner.com,(555) 123-1288,epic_member
TestUser1289,Runner,test1289@runner.com,(555) 123-1289,epic_member
TestUser1290,Runner,test1290@runner.com,(555) 123-1290,epic_member
TestUser1291,Runner,test1291@runner.com,(555) 123-1291,epic_member
TestUser1292,Runner,test1292@runner.com,(555) 123-1292,epic_member
TestUser1293,Runner,test1293@runner.com,(555) 123-1293,epic_member
TestUser1294,Runner,test1294@runner.com,(555) 123-1294,epic_member
TestUser1295,Runner,test1295@runner.com,(555) 123-1295,epic_member
TestUser1296,Runner,test1296@runner.com,(555) 123-1296,epic_member
TestUser1297,Runner,test1297@runner.com,(555) 123-1297,epic_member
TestUser1298,Runner,test1298@runner.com,(555) 123-1298,epic_member
TestUser1299,Runner,test1299@runner.com,(555) 123-1299,epic_member
TestUser1300,Runner,test1300@runner.com,(555) 123-1300,epic_member
TestUser1301,Runner,test1301@runner.com,(555) 123-1301,epic_member
TestUser1302,Runner,test1302@runner.com,(555) 123-1302,epic_member
TestUser1303,Runner,test1303@runner.com,(555) 123-1303,epic_member
TestUser1304,Runner,test1304@runner.com,(555) 123-1304,epic_member
TestUser1305,Runner,test1305@runner.com,(555) 123-1305,epic_member
TestUser1306,Runner,test1306@runner.com,(555) 123-1306,epic_member
TestUser1307,Runner,test1307@runner.com,(555) 123-1307,epic_member
TestUser1308,Runner,test1308@runner.com,(555) 123-1308,epic_member
TestUser1309,Runner,test1309@runner.com,(555) 123-1309,epic_member
TestUser1310,Runner,test1310@runner.com,(555) 123-1310,epic_member
TestUser1311,Runner,test1311@runner.com,(555) 123-1311,epic_member
TestUser1312,Runner,test1312@runner.com,(555) 123-1312,epic_member
TestUser1313,Runner,test1313@runner.com,(555) 123-1313,epic_member
TestUser1314,Runner,test1314@runner.com,(555) 123-1314,epic_member
TestUser1315,Runner,test1315@runner.com,(555) 123-1315,epic_member
TestUser1316,Runner,test1316@runner.com,(555) 123-1316,epic_member
TestUser1317,Runner,test1317@runner.com,(555) 123-1317,epic_member
TestUser1318,Runner,test1318@runner.com,(555) 123-1318,epic_member
TestUser1319,Runner,test1319@runner.com,(555) 123-1319,epic_member
TestUser1320,Runner,test1320@runner.com,(555) 123-1320,epic_member
TestUser1321,Runner,test1321@runner.com,(555) 123-1321,epic_member
TestUser1322,Runner,test1322@runner.com,(555) 123-1322,epic_member
TestUser1323,Runner,test1323@runner.com,(555) 123-1323,epic_member
TestUser1324,Runner,test1324@runner.com,(555) 123-1324,epic_member
TestUser1325,Runner,test1325@runner.com,(555) 123-1325,epic_member
TestUser1326,Runner,test1326@runner.com,(555) 123-1326,epic_member
TestUser1327,Runner,test1327@runner.com,(555) 123-1327,epic_member
TestUser1328,Runner,test1328@runner.com,(555) 123-1328,epic_member
TestUser1329,Runner,test1329@runner.com,(555) 123-1329,epic_member
TestUser1330,Runner,test1330@runner.com,(555) 123-1330,epic_member
TestUser1331,Runner,test1331@runner.com,(555) 123-1331,epic_member
TestUser1332,Runner,test1332@runner.com,(555) 123-1332,epic_member
TestUser1333,Runner,test1333@runner.com,(555) 123-1333,epic_member
TestUser1334,Runner,test1334@runner.com,(555) 123-1334,epic_member
TestUser1335,Runner,test1335@runner.com,(555) 123-1335,epic_member
TestUser1336,Runner,test1336@runner.com,(555) 123-1336,epic_member
TestUser1337,Runner,test1337@runner.com,(555) 123-1337,epic_member
TestUser1338,Runner,test1338@runner.com,(555) 123-1338,epic_member
TestUser1339,Runner,test1339@runner.com,(555) 123-1339,epic_member
TestUser1340,Runner,test1340@runner.com,(555) 123-1340,epic_member
TestUser1341,Runner,test1341@runner.com,(555) 123-1341,epic_member
TestUser1342,Runner,test1342@runner.com,(555) 123-1342,epic_member
TestUser1343,Runner,test1343@runner.com,(555) 123-1343,epic_member
TestUser1344,Runner,test1344@runner.com,(555) 123-1344,epic_member
TestUser1345,Runner,test1345@runner.com,(555) 123-1345,epic_member
TestUser1346,Runner,test1346@runner.com,(555) 123-1346,epic_member
TestUser1347,Runner,test1347@runner.com,(555) 123-1347,epic_member
TestUser1348,Runner,test1348@runner.com,(555) 123-1348,epic_member
TestUser1349,Runner,test1349@runner.com,(555) 123-1349,epic_member
TestUser1350,Runner,test1350@runner.com,(555) 123-1350,epic_member
TestUser1351,Runner,test1351@runner.com,(555) 123-1351,epic_member
TestUser1352,Runner,test1352@runner.com,(555) 123-1352,epic_member
TestUser1353,Runner,test1353@runner.com,(555) 123-1353,epic_member
TestUser1354,Runner,test1354@runner.com,(555) 123-1354,epic_member
TestUser1355,Runner,test1355@runner.com,(555) 123-1355,epic_member
TestUser1356,Runner,test1356@runner.com,(555) 123-1356,epic_member
TestUser1357,Runner,test1357@runner.com,(555) 123-1357,epic_member
TestUser1358,Runner,test1358@runner.com,(555) 123-1358,epic_member
TestUser1359,Runner,test1359@runner.com,(555) 123-1359,epic_member
TestUser1360,Runner,test1360@runner.com,(555) 123-1360,epic_member
TestUser1361,Runner,test1361@runner.com,(555) 123-1361,epic_member
TestUser1362,Runner,test1362@runner.com,(555) 123-1362,epic_member
TestUser1363,Runner,test1363@runner.com,(555) 123-1363,epic_member
TestUser1364,Runner,test1364@runner.com,(555) 123-1364,epic_member
TestUser1365,Runner,test1365@runner.com,(555) 123-1365,epic_member
TestUser1366,Runner,test1366@runner.com,(555) 123-1366,epic_member
TestUser1367,Runner,test1367@runner.com,(555) 123-1367,epic_member
TestUser1368,Runner,test1368@runner.com,(555) 123-1368,epic_member
TestUser1369,Runner,test1369@runner.com,(555) 123-1369,epic_member
TestUser1370,Runner,test1370@runner.com,(555) 123-1370,epic_member
TestUser1371,Runner,test1371@runner.com,(555) 123-1371,epic_member
TestUser1372,Runner,test1372@runner.com,(555) 123-1372,epic_member
TestUser1373,Runner,test1373@runner.com,(555) 123-1373,epic_member
TestUser1374,Runner,test1374@runner.com,(555) 123-1374,epic_member
TestUser1375,Runner,test1375@runner.com,(555) 123-1375,epic_member
TestUser1376,Runner,test1376@runner.com,(555) 123-1376,epic_member
TestUser1377,Runner,test1377@runner.com,(555) 123-1377,epic_member
TestUser1378,Runner,test1378@runner.com,(555) 123-1378,epic_member
TestUser1379,Runner,test1379@runner.com,(555) 123-1379,epic_member
TestUser1380,Runner,test1380@runner.com,(555) 123-1380,epic_member
TestUser1381,Runner,test1381@runner.com,(555) 123-1381,epic_member
TestUser1382,Runner,test1382@runner.com,(555) 123-1382,epic_member
TestUser1383,Runner,test1383@runner.com,(555) 123-1383,epic_member
TestUser1384,Runner,test1384@runner.com,(555) 123-1384,epic_member
TestUser1385,Runner,test1385@runner.com,(555) 123-1385,epic_member
TestUser1386,Runner,test1386@runner.com,(555) 123-1386,epic_member
TestUser1387,Runner,test1387@runner.com,(555) 123-1387,epic_member
TestUser1388,Runner,test1388@runner.com,(555) 123-1388,epic_member
TestUser1389,Runner,test1389@runner.com,(555) 123-1389,epic_member
TestUser1390,Runner,test1390@runner.com,(555) 123-1390,epic_member
TestUser1391,Runner,test1391@runner.com,(555) 123-1391,epic_member
TestUser1392,Runner,test1392@runner.com,(555) 123-1392,epic_member
TestUser1393,Runner,test1393@runner.com,(555) 123-1393,epic_member
TestUser1394,Runner,test1394@runner.com,(555) 123-1394,epic_member
TestUser1395,Runner,test1395@runner.com,(555) 123-1395,epic_member
TestUser1396,Runner,test1396@runner.com,(555) 123-1396,epic_member
TestUser1397,Runner,test1397@runner.com,(555) 123-1397,epic_member
TestUser1398,Runner,test1398@runner.com,(555) 123-1398,epic_member
TestUser1399,Runner,test1399@runner.com,(555) 123-1399,epic_member
TestUser1400,Runner,test1400@runner.com,(555) 123-1400,epic_member
TestUser1401,Runner,test1401@runner.com,(555) 123-1401,epic_member
TestUser1402,Runner,test1402@runner.com,(555) 123-1402,epic_member
TestUser1403,Runner,test1403@runner.com,(555) 123-1403,epic_member
TestUser1404,Runner,test1404@runner.com,(555) 123-1404,epic_member
TestUser1405,Runner,test1405@runner.com,(555) 123-1405,epic_member
TestUser1406,Runner,test1406@runner.com,(555) 123-1406,epic_member
TestUser1407,Runner,test1407@runner.com,(555) 123-1407,epic_member
TestUser1408,Runner,test1408@runner.com,(555) 123-1408,epic_member
TestUser1409,Runner,test1409@runner.com,(555) 123-1409,epic_member
TestUser1410,Runner,test1410@runner.com,(555) 123-1410,epic_member
TestUser1411,Runner,test1411@runner.com,(555) 123-1411,epic_member
TestUser1412,Runner,test1412@runner.com,(555) 123-1412,epic_member
TestUser1413,Runner,test1413@runner.com,(555) 123-1413,epic_member
TestUser1414,Runner,test1414@runner.com,(555) 123-1414,epic_member
TestUser1415,Runner,test1415@runner.com,(555) 123-1415,epic_member
TestUser1416,Runner,test1416@runner.com,(555) 123-1416,epic_member
TestUser1417,Runner,test1417@runner.com,(555) 123-1417,epic_member
TestUser1418,Runner,test1418@runner.com,(555) 123-1418,epic_member
TestUser1419,Runner,test1419@runner.com,(555) 123-1419,epic_member
TestUser1420,Runner,test1420@runner.com,(555) 123-1420,epic_member
TestUser1421,Runner,test1421@runner.com,(555) 123-1421,epic_member
TestUser1422,Runner,test1422@runner.com,(555) 123-1422,epic_member
TestUser1423,Runner,test1423@runner.com,(555) 123-1423,epic_member
TestUser1424,Runner,test1424@runner.com,(555) 123-1424,epic_member
TestUser1425,Runner,test1425@runner.com,(555) 123-1425,epic_member
TestUser1426,Runner,test1426@runner.com,(555) 123-1426,epic_member
TestUser1427,Runner,test1427@runner.com,(555) 123-1427,epic_member
TestUser1428,Runner,test1428@runner.com,(555) 123-1428,epic_member
TestUser1429,Runner,test1429@runner.com,(555) 123-1429,epic_member
TestUser1430,Runner,test1430@runner.com,(555) 123-1430,epic_member
TestUser1431,Runner,test1431@runner.com,(555) 123-1431,epic_member
TestUser1432,Runner,test1432@runner.com,(555) 123-1432,epic_member
TestUser1433,Runner,test1433@runner.com,(555) 123-1433,epic_member
TestUser1434,Runner,test1434@runner.com,(555) 123-1434,epic_member
TestUser1435,Runner,test1435@runner.com,(555) 123-1435,epic_member
TestUser1436,Runner,test1436@runner.com,(555) 123-1436,epic_member
TestUser1437,Runner,test1437@runner.com,(555) 123-1437,epic_member
TestUser1438,Runner,test1438@runner.com,(555) 123-1438,epic_member
TestUser1439,Runner,test1439@runner.com,(555) 123-1439,epic_member
TestUser1440,Runner,test1440@runner.com,(555) 123-1440,epic_member
TestUser1441,Runner,test1441@runner.com,(555) 123-1441,epic_member
TestUser1442,Runner,test1442@runner.com,(555) 123-1442,epic_member
TestUser1443,Runner,test1443@runner.com,(555) 123-1443,epic_member
TestUser1444,Runner,test1444@runner.com,(555) 123-1444,epic_member
TestUser1445,Runner,test1445@runner.com,(555) 123-1445,epic_member
TestUser1446,Runner,test1446@runner.com,(555) 123-1446,epic_member
TestUser1447,Runner,test1447@runner.com,(555) 123-1447,epic_member
TestUser1448,Runner,test1448@runner.com,(555) 123-1448,epic_member
TestUser1449,Runner,test1449@runner.com,(555) 123-1449,epic_member
TestUser1450,Runner,test1450@runner.com,(555) 123-1450,epic_member
TestUser1451,Runner,test1451@runner.com,(555) 123-1451,epic_member
TestUser1452,Runner,test1452@runner.com,(555) 123-1452,epic_member
TestUser1453,Runner,test1453@runner.com,(555) 123-1453,epic_member
TestUser1454,Runner,test1454@runner.com,(555) 123-1454,epic_member
TestUser1455,Runner,test1455@runner.com,(555) 123-1455,epic_member
TestUser1456,Runner,test1456@runner.com,(555) 123-1456,epic_member
TestUser1457,Runner,test1457@runner.com,(555) 123-1457,epic_member
TestUser1458,Runner,test1458@runner.com,(555) 123-1458,epic_member
TestUser1459,Runner,test1459@runner.com,(555) 123-1459,epic_member
TestUser1460,Runner,test1460@runner.com,(555) 123-1460,epic_member
TestUser1461,Runner,test1461@runner.com,(555) 123-1461,epic_member
TestUser1462,Runner,test1462@runner.com,(555) 123-1462,epic_member
TestUser1463,Runner,test1463@runner.com,(555) 123-1463,epic_member
TestUser1464,Runner,test1464@runner.com,(555) 123-1464,epic_member
TestUser1465,Runner,test1465@runner.com,(555) 123-1465,epic_member
TestUser1466,Runner,test1466@runner.com,(555) 123-1466,epic_member
TestUser1467,Runner,test1467@runner.com,(555) 123-1467,epic_member
TestUser1468,Runner,test1468@runner.com,(555) 123-1468,epic_member
TestUser1469,Runner,test1469@runner.com,(555) 123-1469,epic_member
TestUser1470,Runner,test1470@runner.com,(555) 123-1470,epic_member
TestUser1471,Runner,test1471@runner.com,(555) 123-1471,epic_member
TestUser1472,Runner,test1472@runner.com,(555) 123-1472,epic_member
TestUser1473,Runner,test1473@runner.com,(555) 123-1473,epic_member
TestUser1474,Runner,test1474@runner.com,(555) 123-1474,epic_member
TestUser1475,Runner,test1475@runner.com,(555) 123-1475,epic_member
TestUser1476,Runner,test1476@runner.com,(555) 123-1476,epic_member
TestUser1477,Runner,test1477@runner.com,(555) 123-1477,epic_member
TestUser1478,Runner,test1478@runner.com,(555) 123-1478,epic_member
TestUser1479,Runner,test1479@runner.com,(555) 123-1479,epic_member
TestUser1480,Runner,test1480@runner.com,(555) 123-1480,epic_member
TestUser1481,Runner,test1481@runner.com,(555) 123-1481,epic_member
TestUser1482,Runner,test1482@runner.com,(555) 123-1482,epic_member
TestUser1483,Runner,test1483@runner.com,(555) 123-1483,epic_member
TestUser1484,Runner,test1484@runner.com,(555) 123-1484,epic_member
TestUser1485,Runner,test1485@runner.com,(555) 123-1485,epic_member
TestUser1486,Runner,test1486@runner.com,(555) 123-1486,epic_member
TestUser1487,Runner,test1487@runner.com,(555) 123-1487,epic_member
TestUser1488,Runner,test1488@runner.com,(555) 123-1488,epic_member
TestUser1489,Runner,test1489@runner.com,(555) 123-1489,epic_member
TestUser1490,Runner,test1490@runner.com,(555) 123-1490,epic_member
TestUser1491,Runner,test1491@runner.com,(555) 123-1491,epic_member
TestUser1492,Runner,test1492@runner.com,(555) 123-1492,epic_member
TestUser1493,Runner,test1493@runner.com,(555) 123-1493,epic_member
TestUser1494,Runner,test1494@runner.com,(555) 123-1494,epic_member
TestUser1495,Runner,test1495@runner.com,(555) 123-1495,epic_member
TestUser1496,Runner,test1496@runner.com,(555) 123-1496,epic_member
TestUser1497,Runner,test1497@runner.com,(555) 123-1497,epic_member
TestUser1498,Runner,test1498@runner.com,(555) 123-1498,epic_member
TestUser1499,Runner,test1499@runner.com,(555) 123-1499,epic_member
TestUser1500,Runner,test1500@runner.com,(555) 123-1500,epic_member
